policy,observation_condition,physical_condition,seed,success,steps,path_length,collisions,tortuosity,actual_odor_detection_percentage,final_distance_to_source
ppo_normal,unmasked,normal,4000,True,108,15.68000000000001,0,1.0865985898010566,54.629629629629626,0.44241601186496543
ppo_normal,unmasked,normal,4001,True,193,26.40000000000002,0,1.84503166160125,73.05699481865285,0.3631134475548409
ppo_normal,unmasked,normal,4002,True,205,27.19999999999999,0,1.8719890800195755,72.1951219512195,0.4307974751356188
ppo_normal,unmasked,normal,4003,True,127,16.000000000000018,0,1.1114482914449872,54.330708661417326,0.42920653582636276
ppo_normal,unmasked,normal,4004,True,130,16.15999999999998,0,1.1223611029375218,55.38461538461539,0.410327306869541
ppo_normal,unmasked,normal,4005,True,111,15.999999999999998,0,1.1057350559499242,55.85585585585585,0.39580768758750057
ppo_normal,unmasked,normal,4006,True,330,44.640000000000015,0,3.267201504314855,84.54545454545455,0.42763447872122945
ppo_normal,unmasked,normal,4007,True,239,34.39999999999999,0,2.385032292789019,79.9163179916318,0.4286386653312851
ppo_normal,unmasked,normal,4008,True,107,15.519999999999992,0,1.0819949669568616,53.271028037383175,0.41537174724809617
ppo_normal,unmasked,normal,4009,True,129,15.999999999999995,0,1.1078145372837445,52.71317829457365,0.38356834695150993
ppo_normal,unmasked,normal,4010,True,123,15.680000000000009,0,1.085464064509078,53.65853658536586,0.4422483042233034
ppo_normal,unmasked,normal,4011,True,127,17.440000000000015,0,1.214445945201529,55.118110236220474,0.43295892828709037
ppo_normal,unmasked,normal,4012,True,98,14.88000000000001,0,1.0765140350868811,48.97959183673469,0.4205037766729238
ppo_normal,unmasked,normal,4013,True,101,15.200000000000001,0,1.0949695375432318,52.475247524752476,0.3074722597274757
ppo_normal,unmasked,normal,4014,True,109,15.519999999999992,0,1.0911280425465075,52.293577981651374,0.43464108937887935
ppo_normal,unmasked,normal,4015,True,118,16.799999999999986,0,1.1601595435634877,54.23728813559322,0.41584351331327785
ppo_normal,unmasked,normal,4016,True,137,16.479999999999986,0,1.1330851717241366,54.74452554744526,0.43490068528519005
ppo_normal,unmasked,normal,4017,True,103,15.19999999999998,0,1.0666090910326724,52.42718446601942,0.3908951723222594
ppo_normal,unmasked,normal,4018,True,216,31.04,0,2.1507380161959655,75.46296296296296,0.44130761190061146
ppo_normal,unmasked,normal,4019,True,108,15.680000000000003,0,1.093068237666248,54.629629629629626,0.3527639880980669
ppo_normal,unmasked,normal,4020,True,118,16.79999999999999,0,1.1583274816506643,55.08474576271186,0.4490213036810277
ppo_normal,unmasked,normal,4021,True,135,16.479999999999983,0,1.1380774987898716,55.55555555555556,0.37592428424774893
ppo_normal,unmasked,normal,4022,True,117,16.319999999999986,0,1.1329533176765978,54.700854700854705,0.39867768204749693
ppo_normal,unmasked,normal,4023,True,118,16.32000000000001,0,1.1367006373368884,54.23728813559322,0.364594995379281
ppo_normal,unmasked,normal,4024,True,110,15.84,0,1.0980805079877247,53.63636363636364,0.40872163201490347
ppo_normal,unmasked,normal,4025,True,107,15.520000000000007,0,1.0850591643229774,50.467289719626166,0.4476057185773753
ppo_normal,unmasked,normal,4026,True,178,24.960000000000004,0,1.7287437669225145,71.34831460674157,0.42069623105129095
ppo_normal,unmasked,normal,4027,True,128,15.839999999999995,0,1.103253959031209,53.90625,0.44634267925431226
ppo_normal,unmasked,normal,4028,True,231,32.16000000000001,0,2.2408015152541463,77.05627705627705,0.43229993157218355
ppo_normal,unmasked,normal,4029,True,108,15.840000000000016,0,1.1031536958156398,54.629629629629626,0.435352964723367
ppo_normal,unmasked,normal,4030,True,247,33.59999999999996,0,2.3445812522502707,78.94736842105263,0.4024582656028345
ppo_normal,unmasked,normal,4031,True,112,15.680000000000005,0,1.0982769324799058,54.46428571428571,0.4343014117361235
ppo_normal,unmasked,normal,4032,True,277,38.559999999999995,0,2.76248003452366,80.50541516245488,0.4177594394176471
ppo_normal,unmasked,normal,4033,True,284,37.27999999999997,0,2.7043761467356195,78.87323943661971,0.37942703459694344
ppo_normal,unmasked,normal,4034,True,210,27.35999999999999,0,1.8878055464119416,73.80952380952381,0.40260122091618183
ppo_normal,unmasked,normal,4035,True,266,36.96000000000002,0,2.7182538154928397,81.57894736842105,0.41902874063425166
ppo_normal,unmasked,normal,4036,True,106,15.199999999999992,0,1.08891471135373,50.0,0.4301096848331382
ppo_normal,unmasked,normal,4037,True,174,23.839999999999982,0,1.6562108491671856,68.39080459770115,0.4119103355975837
ppo_normal,unmasked,normal,4038,True,226,31.039999999999985,0,2.2680287875652145,74.33628318584071,0.3736099416729586
ppo_normal,unmasked,normal,4039,True,118,16.0,0,1.1152789758506163,55.932203389830505,0.4088343266580237
ppo_normal,unmasked,normal,4040,True,121,15.840000000000018,0,1.0960687183811584,53.71900826446281,0.43060077507339034
ppo_normal,unmasked,normal,4041,True,179,25.599999999999994,0,1.844287522011637,71.50837988826815,0.4250245371060028
ppo_normal,unmasked,normal,4042,True,111,15.84,0,1.097632287248151,54.95495495495496,0.44571147980299675
ppo_normal,unmasked,normal,4043,True,125,15.199999999999983,0,1.104776261241249,48.8,0.4093808607480302
ppo_normal,unmasked,normal,4044,True,156,22.08,0,1.6196869376840781,66.66666666666666,0.4258358637679551
ppo_normal,unmasked,normal,4045,True,108,15.36,0,1.1238395540321984,48.148148148148145,0.44860629210121666
ppo_normal,unmasked,normal,4046,True,206,28.159999999999997,0,1.980306961552233,72.81553398058253,0.34135076132539566
ppo_normal,unmasked,normal,4047,True,195,27.679999999999993,0,1.9243202385968252,72.3076923076923,0.3874096377504231
ppo_normal,unmasked,normal,4048,True,124,15.200000000000026,0,1.0928241566762567,50.0,0.3733134118944578
ppo_normal,unmasked,normal,4049,True,112,16.0,0,1.107777935840855,52.67857142857143,0.4498167905914036
ppo_normal,odor_blind,normal,4000,False,600,21.44000000000001,0,1.397682815552604,11.333333333333332,4.214396812095993
ppo_normal,odor_blind,normal,4001,False,600,6.720000000000022,0,1.019826519276113,90.66666666666666,7.495207723258703
ppo_normal,odor_blind,normal,4002,False,600,6.879999999999997,0,1.0239645805052235,90.66666666666666,7.392689598661798
ppo_normal,odor_blind,normal,4003,False,600,6.720000000000013,0,1.0217272974863776,89.83333333333333,7.555464653365886
ppo_normal,odor_blind,normal,4004,False,600,6.559999999999976,0,1.0201710543414733,90.16666666666666,7.691298986459473
ppo_normal,odor_blind,normal,4005,False,600,6.719999999999992,0,1.0201263846286919,90.33333333333333,7.513152537743745
ppo_normal,odor_blind,normal,4006,False,600,15.680000000000001,0,1.0465705533760874,90.5,1.2649982228451189
ppo_normal,odor_blind,normal,4007,True,92,14.559999999999995,0,1.0484442942772307,47.82608695652174,0.4368419285549285
ppo_normal,odor_blind,normal,4008,False,600,15.839999999999986,0,1.0602379993574578,45.666666666666664,1.567675950039326
ppo_normal,odor_blind,normal,4009,False,600,6.559999999999986,0,1.0102633319287917,89.5,7.67095715022016
ppo_normal,odor_blind,normal,4010,False,600,6.879999999999999,0,1.0308193750814798,90.83333333333333,7.366640271020879
ppo_normal,odor_blind,normal,4011,False,600,22.56000000000001,0,1.3793080874884096,11.333333333333332,4.328432756938716
ppo_normal,odor_blind,normal,4012,False,600,20.47999999999999,0,1.3148716947309884,10.833333333333334,4.011224069605289
ppo_normal,odor_blind,normal,4013,False,600,6.7199999999999935,0,1.0265068151689873,90.66666666666666,7.507154337874731
ppo_normal,odor_blind,normal,4014,False,600,15.84,0,1.0559129705291763,90.66666666666666,1.217929776768907
ppo_normal,odor_blind,normal,4015,False,600,21.759999999999987,0,1.3723675496865995,11.833333333333334,4.247672877596765
ppo_normal,odor_blind,normal,4016,False,600,6.39999999999999,0,1.0102654240595073,89.33333333333333,7.804063886862538
ppo_normal,odor_blind,normal,4017,False,600,15.83999999999998,0,1.054634068334478,56.49999999999999,1.4492367171960483
ppo_normal,odor_blind,normal,4018,False,600,15.839999999999996,0,1.050582586802622,41.333333333333336,1.5886541970232781
ppo_normal,odor_blind,normal,4019,False,600,15.680000000000003,0,1.0414276133701925,47.0,1.5409156544302363
ppo_normal,odor_blind,normal,4020,False,600,22.240000000000006,0,1.4104699687100295,11.5,4.056119173952622
ppo_normal,odor_blind,normal,4021,False,600,6.559999999999978,0,1.0177416251819724,90.0,7.696124535056708
ppo_normal,odor_blind,normal,4022,False,600,20.799999999999983,0,1.3270811333828567,10.833333333333334,3.99305145785401
ppo_normal,odor_blind,normal,4023,True,97,15.200000000000003,0,1.1151395828345958,46.391752577319586,0.43256856352495116
ppo_normal,odor_blind,normal,4024,True,97,14.720000000000006,0,1.065651389945265,47.42268041237113,0.3212079460481804
ppo_normal,odor_blind,normal,4025,True,97,14.720000000000002,0,1.0606806670855273,45.36082474226804,0.43817003065432253
ppo_normal,odor_blind,normal,4026,False,600,16.00000000000001,0,1.0721636961238952,18.0,1.697200238479793
ppo_normal,odor_blind,normal,4027,False,600,6.5599999999999925,0,1.0117458026822406,89.83333333333333,7.648667195005591
ppo_normal,odor_blind,normal,4028,False,600,20.96,0,1.333438514944727,11.0,4.223733658868126
ppo_normal,odor_blind,normal,4029,False,600,15.680000000000021,0,1.046902978521284,36.833333333333336,1.6292000537033893
ppo_normal,odor_blind,normal,4030,False,600,6.879999999999979,0,1.0232806107957788,91.0,7.340724953198602
ppo_normal,odor_blind,normal,4031,False,600,20.32000000000001,0,1.3138330511767986,10.0,4.072797583029086
ppo_normal,odor_blind,normal,4032,False,600,21.280000000000015,0,1.3505589987320437,11.166666666666666,4.137496786458897
ppo_normal,odor_blind,normal,4033,False,600,6.719999999999994,0,1.018180411296579,90.16666666666666,7.545238515772541
ppo_normal,odor_blind,normal,4034,False,600,6.879999999999992,0,1.0239645805052235,90.5,7.398948936929377
ppo_normal,odor_blind,normal,4035,True,93,14.399999999999999,0,1.0461328550906575,47.31182795698925,0.4034083343733382
ppo_normal,odor_blind,normal,4036,False,600,16.319999999999983,0,1.0965720181369243,16.5,1.714456830270543
ppo_normal,odor_blind,normal,4037,False,600,16.480000000000008,0,1.099946150121414,89.83333333333333,1.1277680994576227
ppo_normal,odor_blind,normal,4038,False,600,6.879999999999995,0,1.026578827112713,90.66666666666666,7.349287676805936
ppo_normal,odor_blind,normal,4039,False,600,20.480000000000008,0,1.3139433451838438,10.666666666666668,4.07341449584658
ppo_normal,odor_blind,normal,4040,False,600,15.68000000000001,0,1.0352199149342463,91.0,1.2081401024093983
ppo_normal,odor_blind,normal,4041,False,600,15.999999999999996,0,1.0626885362883787,78.83333333333333,1.4532731531141563
ppo_normal,odor_blind,normal,4042,True,95,14.559999999999999,0,1.0529658292165107,47.368421052631575,0.3617973306409641
ppo_normal,odor_blind,normal,4043,False,600,6.399999999999981,0,1.0120775311406547,89.5,7.847462689634464
ppo_normal,odor_blind,normal,4044,False,600,20.799999999999997,0,1.3204967386886883,10.666666666666668,4.079437286172984
ppo_normal,odor_blind,normal,4045,True,101,15.360000000000007,0,1.113951173191028,45.54455445544555,0.3557753018650815
ppo_normal,odor_blind,normal,4046,False,600,21.11999999999999,0,1.3382885756009604,11.166666666666666,3.985527204847545
ppo_normal,odor_blind,normal,4047,False,600,21.120000000000008,0,1.347008387689169,11.166666666666666,4.080567216380674
ppo_normal,odor_blind,normal,4048,False,600,6.560000000000016,0,1.0102633319287917,89.5,7.649902920400445
ppo_normal,odor_blind,normal,4049,True,96,14.719999999999997,0,1.0709745241158117,45.83333333333333,0.4459519026485044
ppo_robust,unmasked,normal,4000,True,251,31.20000000000001,0,2.17093327348002,52.191235059760956,0.3802162407137279
ppo_robust,unmasked,normal,4001,False,600,15.040000000000001,0,2.6625886778800205,0.0,11.560369746608348
ppo_robust,unmasked,normal,4002,True,136,21.279999999999987,0,1.4898921518100485,10.294117647058822,0.4426087178803843
ppo_robust,unmasked,normal,4003,True,215,25.600000000000023,0,1.7967564660956592,76.27906976744187,0.4267181515740514
ppo_robust,unmasked,normal,4004,True,107,16.48,0,1.132075385447627,50.467289719626166,0.4406686261147932
ppo_robust,unmasked,normal,4005,True,134,21.12000000000002,0,1.4753096588068964,8.955223880597014,0.4330416213511333
ppo_robust,unmasked,normal,4006,False,600,18.080000000000013,0,3.3985178936457126,0.0,11.383819101769621
ppo_robust,unmasked,normal,4007,True,145,19.360000000000007,0,1.3521483059785344,62.758620689655174,0.39798680323819635
ppo_robust,unmasked,normal,4008,True,95,14.879999999999981,0,1.094640154573622,45.26315789473684,0.4354813360198281
ppo_robust,unmasked,normal,4009,True,100,15.200000000000014,0,1.1002441912146579,48.0,0.4203615007650595
ppo_robust,unmasked,normal,4010,True,92,14.560000000000006,0,1.0591978924971632,45.65217391304348,0.3813863438940315
ppo_robust,unmasked,normal,4011,False,600,4.639999999999999,0,1.1381991068018016,0.0,11.441190385872222
ppo_robust,unmasked,normal,4012,True,176,22.400000000000013,0,1.565093074620166,57.38636363636363,0.39844399716850365
ppo_robust,unmasked,normal,4013,True,106,16.160000000000004,0,1.1188003914130735,51.886792452830186,0.4494088642867592
ppo_robust,unmasked,normal,4014,True,111,16.639999999999983,0,1.164058345482773,52.25225225225225,0.3602686712527288
ppo_robust,unmasked,normal,4015,False,600,14.559999999999986,0,3.09256008149292,0.0,11.333318739986755
ppo_robust,unmasked,normal,4016,True,140,21.60000000000001,0,1.4869222640115103,14.285714285714285,0.41723188438103637
ppo_robust,unmasked,normal,4017,True,286,23.360000000000014,0,1.622371665929185,72.37762237762237,0.4132326011435754
ppo_robust,unmasked,normal,4018,True,139,21.439999999999998,0,1.5220544965220502,10.79136690647482,0.42537232149437504
ppo_robust,unmasked,normal,4019,False,600,28.959999999999997,0,4.34010647990302,90.5,7.330217208426108
ppo_robust,unmasked,normal,4020,False,600,5.279999999999999,0,1.2486724874375308,0.0,11.460702106575281
ppo_robust,unmasked,normal,4021,True,140,21.599999999999966,0,1.484585223103855,12.142857142857142,0.44890059332480575
ppo_robust,unmasked,normal,4022,False,600,5.759999999999998,0,1.2332467164845136,0.0,11.354500634006175
ppo_robust,unmasked,normal,4023,True,441,38.07999999999999,0,2.7539372910304687,68.48072562358276,0.42756315392160277
ppo_robust,unmasked,normal,4024,False,600,5.919999999999995,0,1.2808116052861829,0.0,11.289996083566061
ppo_robust,unmasked,normal,4025,False,600,5.760000000000004,0,1.2291115967813981,0.0,11.329676098146031
ppo_robust,unmasked,normal,4026,True,345,42.72000000000001,0,2.970028670615622,55.072463768115945,0.4279405316777676
ppo_robust,unmasked,normal,4027,True,136,21.12000000000002,0,1.478731303021459,10.294117647058822,0.4438496401670204
ppo_robust,unmasked,normal,4028,True,393,49.119999999999976,0,3.4092262478909507,50.63613231552163,0.39185951165045535
ppo_robust,unmasked,normal,4029,True,113,16.640000000000025,0,1.155287252775322,52.21238938053098,0.4089313939721949
ppo_robust,unmasked,normal,4030,True,137,21.28000000000001,0,1.50114877544176,10.218978102189782,0.3609900055288247
ppo_robust,unmasked,normal,4031,True,107,16.160000000000004,0,1.1274371414941222,49.532710280373834,0.3953550039494823
ppo_robust,unmasked,normal,4032,False,600,23.199999999999974,0,5.923665531145995,0.0,11.872066734036716
ppo_robust,unmasked,normal,4033,True,101,15.519999999999987,0,1.11674737592631,48.51485148514851,0.41170620053365387
ppo_robust,unmasked,normal,4034,True,377,43.20000000000003,0,2.973904654360919,57.824933687002655,0.4492772547251566
ppo_robust,unmasked,normal,4035,True,115,16.96000000000001,0,1.181720603209359,50.43478260869565,0.3861097571658836
ppo_robust,unmasked,normal,4036,True,371,40.15999999999994,0,2.8157405000048654,61.18598382749326,0.42118929685324497
ppo_robust,unmasked,normal,4037,False,600,5.600000000000001,0,1.161070115862064,0.0,11.284693650237658
ppo_robust,unmasked,normal,4038,True,109,16.479999999999997,0,1.140971474661199,51.37614678899083,0.41975811003074853
ppo_robust,unmasked,normal,4039,True,346,39.04000000000002,0,2.7508296482904946,58.092485549132945,0.42823088054232683
ppo_robust,unmasked,normal,4040,True,218,25.76000000000002,0,1.820179678292068,74.77064220183486,0.32794868697813023
ppo_robust,unmasked,normal,4041,False,600,5.599999999999991,0,1.2132071547210654,0.0,11.34809779432616
ppo_robust,unmasked,normal,4042,False,600,5.759999999999996,0,1.1097251919708493,0.0,11.495084325558954
ppo_robust,unmasked,normal,4043,True,99,15.359999999999992,0,1.088609337077833,49.494949494949495,0.4310996636167121
ppo_robust,unmasked,normal,4044,False,600,13.120000000000001,0,3.3559593261624263,0.0,11.85345952391234
ppo_robust,unmasked,normal,4045,True,291,29.599999999999973,0,2.06192015833847,75.60137457044674,0.402195768941757
ppo_robust,unmasked,normal,4046,False,600,5.119999999999997,0,1.1901518164625975,0.0,11.806439347722051
ppo_robust,unmasked,normal,4047,False,600,13.920000000000016,0,3.195098658861715,0.0,11.617171071246334
ppo_robust,unmasked,normal,4048,True,239,27.68,0,1.908822372982701,78.24267782426779,0.4287658472166538
ppo_robust,unmasked,normal,4049,True,374,42.39999999999998,0,3.0799244151148315,14.705882352941178,0.35428210882808453
ppo_robust,odor_blind,normal,4000,True,413,63.68000000000003,0,4.414709440981927,30.024213075060537,0.44808719735180685
ppo_robust,odor_blind,normal,4001,True,273,42.4,0,2.93007395281361,27.472527472527474,0.44379469937080274
ppo_robust,odor_blind,normal,4002,False,600,90.71999999999997,0,7.48460157419153,28.666666666666668,2.0979454006277543
ppo_robust,odor_blind,normal,4003,False,600,80.48000000000002,0,5.190722096145275,30.333333333333336,4.042216866462648
ppo_robust,odor_blind,normal,4004,True,279,43.040000000000006,0,2.961353004300414,24.372759856630825,0.4136751363608007
ppo_robust,odor_blind,normal,4005,True,270,41.91999999999999,0,2.890298347683818,28.888888888888886,0.4296809641622208
ppo_robust,odor_blind,normal,4006,True,527,80.64000000000007,0,5.602848586645372,32.25806451612903,0.3959667508045222
ppo_robust,odor_blind,normal,4007,True,280,43.2,0,2.995673104401603,24.642857142857146,0.4198090412638108
ppo_robust,odor_blind,normal,4008,True,360,55.51999999999998,0,3.8533481008037813,25.833333333333336,0.41020050900676275
ppo_robust,odor_blind,normal,4009,False,600,79.68,0,5.104441475520144,30.333333333333336,4.129058389157531
ppo_robust,odor_blind,normal,4010,True,468,72.32,0,4.9957878091282435,25.85470085470086,0.44619337135717996
ppo_robust,odor_blind,normal,4011,False,600,4.799999999999998,0,1.1586874453350962,0.0,11.322034999995527
ppo_robust,odor_blind,normal,4012,True,461,70.39999999999998,0,4.879510103994524,30.80260303687636,0.4215762821517354
ppo_robust,odor_blind,normal,4013,False,600,91.04000000000002,0,7.853070126541601,29.5,4.233970501668095
ppo_robust,odor_blind,normal,4014,True,562,85.91999999999999,0,5.959512364557061,31.494661921708182,0.4295165508037746
ppo_robust,odor_blind,normal,4015,False,600,13.599999999999985,0,3.7408487181909607,0.0,11.814145157664495
ppo_robust,odor_blind,normal,4016,False,600,90.72000000000003,0,9.568966155750598,35.0,6.768924322019497
ppo_robust,odor_blind,normal,4017,False,600,23.03999999999998,0,4.764271916778711,0.0,11.760689759780385
ppo_robust,odor_blind,normal,4018,True,134,21.119999999999994,0,1.4691810461917674,9.701492537313433,0.3706112819342716
ppo_robust,odor_blind,normal,4019,True,137,21.6,0,1.500442515799651,10.218978102189782,0.3934802152706497
ppo_robust,odor_blind,normal,4020,False,600,90.88,0,8.098991200176297,28.833333333333332,4.700786577548748
ppo_robust,odor_blind,normal,4021,False,600,91.83999999999997,0,6.297527546122006,41.66666666666667,0.830540693056245
ppo_robust,odor_blind,normal,4022,False,600,23.039999999999974,0,5.950348004790991,0.5,11.767490141124837
ppo_robust,odor_blind,normal,4023,False,600,25.119999999999962,0,6.2445294256685475,1.6666666666666667,11.803141015552528
ppo_robust,odor_blind,normal,4024,False,600,24.00000000000004,0,5.985133875781188,1.1666666666666667,11.89383304632062
ppo_robust,odor_blind,normal,4025,False,600,14.400000000000004,0,3.526130913091545,0.0,11.959866527161573
ppo_robust,odor_blind,normal,4026,True,241,36.96000000000002,0,2.6727956744699695,19.502074688796682,0.37414366175217234
ppo_robust,odor_blind,normal,4027,False,600,92.32,0,5.970418663257596,36.333333333333336,3.830431250337447
ppo_robust,odor_blind,normal,4028,True,514,78.87999999999998,0,5.457205204864682,28.599221789883266,0.4235299690700818
ppo_robust,odor_blind,normal,4029,True,241,37.12000000000003,0,2.7049955151992986,19.08713692946058,0.3909597220997913
ppo_robust,odor_blind,normal,4030,False,600,57.76000000000001,0,3.705263500502961,23.0,4.220667203518967
ppo_robust,odor_blind,normal,4031,True,135,21.28,0,1.4736609986747757,10.37037037037037,0.43813165441775814
ppo_robust,odor_blind,normal,4032,False,600,14.399999999999995,0,3.5486592169031703,0.0,11.916840404919997
ppo_robust,odor_blind,normal,4033,True,365,56.63999999999996,0,3.8952438089885972,26.301369863013697,0.4041704690913803
ppo_robust,odor_blind,normal,4034,True,499,76.63999999999999,0,5.284973107382069,27.655310621242485,0.4309452113370023
ppo_robust,odor_blind,normal,4035,True,141,21.919999999999998,0,1.5239456881218443,13.47517730496454,0.4135818836881767
ppo_robust,odor_blind,normal,4036,False,600,23.519999999999968,0,5.8397804979364745,0.0,11.75157628448466
ppo_robust,odor_blind,normal,4037,False,600,5.600000000000001,0,1.161070115862064,0.0,11.284693650237658
ppo_robust,odor_blind,normal,4038,False,600,91.67999999999998,0,7.421490902314737,25.833333333333336,2.577886863433092
ppo_robust,odor_blind,normal,4039,True,138,21.439999999999998,0,1.484940014550032,10.869565217391305,0.4481625201844616
ppo_robust,odor_blind,normal,4040,True,549,84.47999999999999,0,5.853368249386843,25.318761384335154,0.40058385531479274
ppo_robust,odor_blind,normal,4041,True,278,42.719999999999985,0,2.958447540916249,28.41726618705036,0.43682380218568834
ppo_robust,odor_blind,normal,4042,True,189,28.799999999999997,0,2.0018254500260353,23.809523809523807,0.3933869674942499
ppo_robust,odor_blind,normal,4043,True,137,21.60000000000001,0,1.4830097388715286,15.328467153284672,0.43812164891590843
ppo_robust,odor_blind,normal,4044,False,600,23.680000000000007,0,6.050375309727645,0.0,11.871470192619435
ppo_robust,odor_blind,normal,4045,False,600,7.359999999999994,0,2.0434738601607516,0.0,11.837197902286237
ppo_robust,odor_blind,normal,4046,False,600,5.119999999999997,0,1.1901518164625975,0.0,11.806439347722051
ppo_robust,odor_blind,normal,4047,False,600,90.71999999999997,0,6.383607385924754,39.33333333333333,3.8949975482217627
ppo_robust,odor_blind,normal,4048,True,136,21.60000000000001,0,1.4877888097836773,16.176470588235293,0.4301233829758063
ppo_robust,odor_blind,normal,4049,False,600,90.71999999999997,0,9.76896340960694,34.0,5.2494888456524516
