policy,geometry_condition,observation_condition,seed,source_y,start_y,crosswind_separation,success,steps,path_length,collisions,tortuosity,actual_odor_detection_percentage,final_distance_to_source,crosswind_span,closest_crosswind_distance_to_source_lane,crossed_world_centerline
ppo_normal,shifted_aligned,unmasked,7000,3.0,2.5056156424470757,0.4943843575529243,True,99,14.879999999999999,0,1.0486079678405902,52.52525252525253,0.37274031362671567,1.664262748807789,0.0018810505013671097,False
ppo_normal,shifted_aligned,unmasked,7001,9.0,8.488568740895527,0.511431259104473,True,173,24.79999999999998,0,1.7206984393793914,72.83236994219652,0.4037637554768699,1.9269730611315605,0.003040909160040073,False
ppo_normal,shifted_aligned,unmasked,7002,3.0,3.4859141328750076,0.4859141328750076,True,103,15.360000000000035,0,1.0628724913102445,54.36893203883495,0.4447773421883455,1.2193443674626239,0.02524929938285725,False
ppo_normal,shifted_aligned,unmasked,7003,9.0,9.559592392134839,0.5595923921348387,True,101,15.199999999999992,0,1.0529897044745353,53.46534653465347,0.43052936635293293,0.8877010026809806,0.05151346248845812,False
ppo_normal,shifted_aligned,unmasked,7004,3.0,2.9996715891512062,0.0003284108487937587,True,103,15.520000000000008,0,1.0755206916209556,55.33980582524271,0.4441488002672404,1.15685857768618,0.0003284108487937587,False
ppo_normal,shifted_aligned,unmasked,7005,9.0,9.946919461535673,0.9469194615356731,True,100,15.04,0,1.0483435541785286,54.0,0.3376608470903484,0.8440017903286474,0.10291767120702566,False
ppo_normal,shifted_aligned,unmasked,7006,3.0,3.8921794349441514,0.8921794349441514,True,99,15.040000000000013,0,1.0484167658774097,52.52525252525253,0.4026154685687784,0.8948173143779878,0.23040904791421868,False
ppo_normal,shifted_aligned,unmasked,7007,9.0,8.320475493573628,0.6795245064263717,True,349,51.68000000000005,0,3.761590811083394,86.81948424068769,0.34981116051186156,2.5063127980774933,0.008966221806028685,False
ppo_normal,shifted_aligned,unmasked,7008,3.0,2.2308784847811634,0.7691215152188366,True,101,15.20000000000002,0,1.0541719030420955,54.45544554455446,0.3979354260778995,1.598865321722053,0.016305475111147327,False
ppo_normal,shifted_aligned,unmasked,7009,9.0,8.706379400030523,0.2936205999694774,True,351,53.92000000000006,0,3.870472004439836,86.03988603988604,0.40979477658622204,3.877539714628382,0.001480078652020822,False
ppo_normal,shifted_aligned,unmasked,7010,3.0,3.1743716254537384,0.1743716254537384,True,103,15.360000000000017,0,1.06304147178079,52.42718446601942,0.44884690770623703,1.1537447174825632,0.022064154874206654,False
ppo_normal,shifted_aligned,unmasked,7011,9.0,8.287036028550034,0.712963971449966,True,329,49.75999999999999,0,3.6563631492068516,86.01823708206688,0.4200316273823974,2.7872401938008435,0.005709437851221466,False
ppo_normal,shifted_aligned,unmasked,7012,3.0,3.1561629960952047,0.15616299609520468,True,106,15.84000000000001,0,1.1078783149858418,54.71698113207547,0.3909836153087925,1.1407153962652723,0.038741783693684084,False
ppo_normal,shifted_aligned,unmasked,7013,9.0,9.962301683929224,0.9623016839292244,True,102,15.040000000000017,0,1.0447776815634329,53.92156862745098,0.4083985645450171,0.8847978285690701,0.16554758572168105,False
ppo_normal,shifted_aligned,unmasked,7014,3.0,2.2212231562360607,0.7787768437639393,True,101,15.04000000000001,0,1.0438813904256126,54.45544554455446,0.4008871734824223,1.355363045753942,0.0031021784955793663,False
ppo_normal,shifted_aligned,unmasked,7015,9.0,8.286435122177638,0.7135648778223622,True,91,14.240000000000034,0,1.0289714330507491,48.35164835164835,0.4130546744896917,1.4279372112947364,0.034146293646395875,False
ppo_normal,shifted_aligned,unmasked,7016,3.0,2.5428162143107054,0.45718378568929463,True,88,13.920000000000012,0,1.0084507505226241,47.72727272727273,0.4363951155296875,0.8450253245850048,0.014131538207093008,False
ppo_normal,shifted_aligned,unmasked,7017,9.0,9.355578917301692,0.3555789173016919,True,289,44.160000000000025,0,3.184497882020017,84.08304498269896,0.4211455030315253,3.678961910674415,0.019351593132286737,False
ppo_normal,shifted_aligned,unmasked,7018,3.0,3.9445586208771912,0.9445586208771912,True,537,79.67999999999995,0,5.5847700389923,90.31657355679702,0.4282455433198833,3.4429125034914954,0.014888433009919488,False
ppo_normal,shifted_aligned,unmasked,7019,9.0,9.698043753038288,0.6980437530382879,True,91,13.919999999999972,0,1.0128427590855327,48.35164835164835,0.34635357815974166,0.6446736380438605,0.2233663440339928,False
ppo_normal,shifted_aligned,unmasked,7020,3.0,2.3365485839452704,0.6634514160547296,True,99,15.040000000000006,0,1.0484649294309358,52.52525252525253,0.3978423008081926,1.5662130579329125,0.003602151739628301,False
ppo_normal,shifted_aligned,unmasked,7021,9.0,8.044322566324539,0.9556774336754614,True,99,15.200000000000003,0,1.0516292680690487,52.52525252525253,0.4267250156228791,1.5259171655454455,0.00780339004430175,False
ppo_normal,shifted_aligned,unmasked,7022,3.0,2.026258218182196,0.9737417818178038,True,395,52.15999999999998,0,3.777585851439372,84.05063291139241,0.4166519329446687,3.346664947046884,0.0035620144754879846,False
ppo_normal,shifted_aligned,unmasked,7023,9.0,9.429123032107583,0.42912303210758296,True,99,15.04,0,1.0429969901637897,52.52525252525253,0.4181129951771364,0.7187669662158651,0.05076689164646808,False
ppo_normal,shifted_aligned,unmasked,7024,3.0,3.6376395982300096,0.6376395982300096,True,104,15.200000000000014,0,1.0528683917433723,53.84615384615385,0.43556846725376036,1.2517534815436702,0.0892243184824637,False
ppo_normal,shifted_aligned,unmasked,7025,9.0,9.889132544753299,0.8891325447532985,True,101,15.040000000000006,0,1.0400034994891245,53.46534653465347,0.4451210879343177,0.8132482236752558,0.07588432107804266,False
ppo_normal,shifted_aligned,unmasked,7026,3.0,2.042613895541674,0.9573861044583261,True,91,13.919999999999977,0,1.0159992298212799,48.35164835164835,0.44627143531949215,1.3235842034425374,0.0017522120791624296,False
ppo_normal,shifted_aligned,unmasked,7027,9.0,8.663445473967801,0.3365545260321987,True,88,13.920000000000014,0,1.0109025136549583,47.72727272727273,0.4181136281404443,0.6741751947741665,0.0029501845868296073,False
ppo_normal,shifted_aligned,unmasked,7028,3.0,2.9144833784688924,0.08551662153110762,True,101,15.199999999999996,0,1.0615370971768006,54.45544554455446,0.43147375657473647,1.4929454973033067,0.0008316197587587837,False
ppo_normal,shifted_aligned,unmasked,7029,9.0,9.949403926506728,0.9494039265067276,True,98,15.040000000000024,0,1.0425570776714939,52.04081632653062,0.44213603775709415,0.7728426614626098,0.17656126504411773,False
ppo_normal,shifted_aligned,unmasked,7030,3.0,2.5428050043526484,0.45719499564735155,True,90,14.080000000000014,0,1.0112664860891143,48.888888888888886,0.4452075421375457,1.0059676253286214,0.001007660453379966,False
ppo_normal,shifted_aligned,unmasked,7031,9.0,8.866972586955683,0.1330274130443172,True,102,15.04000000000002,0,1.0507735443981485,54.90196078431373,0.3318439387644553,1.0304030874437178,0.0076899143722375385,False
ppo_normal,shifted_aligned,unmasked,7032,3.0,2.2543399010071132,0.7456600989928868,True,105,15.520000000000039,0,1.077123665618885,56.19047619047619,0.39436045262067715,1.9780645180900067,0.0014972085299964633,False
ppo_normal,shifted_aligned,unmasked,7033,9.0,9.622963596333069,0.6229635963330686,True,90,13.91999999999998,0,1.0151348347257245,48.888888888888886,0.43694161472681753,0.6402716755317623,0.32616470081454985,False
ppo_normal,shifted_aligned,unmasked,7034,3.0,3.2771219283447532,0.27712192834475324,True,103,15.040000000000013,0,1.0521067087538682,54.36893203883495,0.36729831895401427,1.1099622242832412,0.21880983810536137,False
ppo_normal,shifted_aligned,unmasked,7035,9.0,9.102534139845213,0.10253413984521309,True,350,52.79999999999997,0,3.677413507127644,86.85714285714286,0.44306433339052104,2.018566114793522,0.002006879819406393,False
ppo_normal,shifted_aligned,unmasked,7036,3.0,3.821950807840718,0.8219508078407181,True,101,15.200000000000003,0,1.0509872621182155,52.475247524752476,0.4477533928795901,1.096559965778888,0.066200503108095,False
ppo_normal,shifted_aligned,unmasked,7037,9.0,8.40144240677897,0.5985575932210292,True,177,25.6,0,1.789240721407965,74.01129943502825,0.35936123380600704,2.1139148514033304,0.010742863361850041,False
ppo_normal,shifted_aligned,unmasked,7038,3.0,2.4952959903477536,0.5047040096522464,True,98,15.040000000000006,0,1.0458341695428397,53.06122448979592,0.4353907829428453,1.5803049374411176,0.0036665493192402643,False
ppo_normal,shifted_aligned,unmasked,7039,9.0,9.084003599751505,0.08400359975150451,True,101,15.199999999999998,0,1.0580151085620175,54.45544554455446,0.3816829005054076,0.787430473898235,0.08400359975150451,False
ppo_normal,shifted_aligned,unmasked,7040,3.0,2.0913118826538337,0.9086881173461663,True,99,15.200000000000028,0,1.0523044275610554,53.535353535353536,0.4294672611079759,1.935885205494941,0.006517551341762129,False
ppo_normal,shifted_aligned,unmasked,7041,9.0,9.302733036743653,0.30273303674365337,True,129,18.720000000000038,0,1.3234296940930885,64.34108527131784,0.43246612216402336,2.0016074245818505,0.07799559276809731,False
ppo_normal,shifted_aligned,unmasked,7042,3.0,3.117158931084605,0.11715893108460484,True,97,14.72000000000002,0,1.0383405353681345,51.546391752577314,0.4129041020106066,1.0716191595528257,0.08820992270849581,False
ppo_normal,shifted_aligned,unmasked,7043,9.0,8.576461127304986,0.4235388726950138,True,102,15.200000000000035,0,1.0532049277261581,54.90196078431373,0.4277527237273793,1.2955311186249627,0.0027436487953433897,False
ppo_normal,shifted_aligned,unmasked,7044,3.0,3.442851389495437,0.4428513894954369,True,103,15.359999999999967,0,1.0634249481245353,55.33980582524271,0.44745319700298913,1.0863804924784213,0.08427590347975089,False
ppo_normal,shifted_aligned,unmasked,7045,9.0,9.983387374909343,0.9833873749093431,False,600,89.27999999999997,0,29.56636003930232,91.66666666666666,14.674103260382076,4.236154386116324,0.00027265771599616073,False
ppo_normal,shifted_aligned,unmasked,7046,3.0,3.360585495244869,0.36058549524486905,True,98,14.879999999999981,0,1.0320202191195156,52.04081632653062,0.43520782768401767,0.9941088025343245,0.12648676529827219,False
ppo_normal,shifted_aligned,unmasked,7047,9.0,8.245111898979713,0.7548881010202866,False,600,90.88,0,6.021544280634785,90.83333333333333,1.079646481635722,4.240852543471749,0.005410535989494036,False
ppo_normal,shifted_aligned,unmasked,7048,3.0,3.08888644544097,0.08888644544096991,True,102,15.200000000000014,0,1.054659786584076,53.92156862745098,0.4146292248522558,0.9096162436098401,0.05037500417102292,False
ppo_normal,shifted_aligned,unmasked,7049,9.0,9.928885343932075,0.928885343932075,True,101,15.2,0,1.0517673931733305,53.46534653465347,0.42228853572053104,0.9890473518920224,0.06016200795994742,False
ppo_normal,shifted_aligned,odor_blind,7000,3.0,2.5056156424470757,0.4943843575529243,True,86,13.760000000000002,0,1.0086289605801528,45.348837209302324,0.37760273872346023,0.5855225789420966,0.0018640600061687884,False
ppo_normal,shifted_aligned,odor_blind,7001,9.0,8.488568740895527,0.511431259104473,True,86,13.760000000000002,0,1.0086289605801528,45.348837209302324,0.3853794446232686,0.3986560115961506,0.12920676891855543,False
ppo_normal,shifted_aligned,odor_blind,7002,3.0,3.4859141328750076,0.4859141328750076,False,600,16.00000000000004,0,1.0574030456870969,6.833333333333333,3.099948755304433,2.471824666135991,0.4859141328750076,False
ppo_normal,shifted_aligned,odor_blind,7003,9.0,9.559592392134839,0.5595923921348387,False,600,22.559999999999995,0,1.3603853960582395,9.833333333333332,6.879785061555352,7.618520404427849,0.0438674608846128,True
ppo_normal,shifted_aligned,odor_blind,7004,3.0,2.9996715891512062,0.0003284108487937587,True,88,14.080000000000007,0,1.0086289605801526,47.72727272727273,0.3977598665030684,0.41179519800275166,0.0003284108487937587,False
ppo_normal,shifted_aligned,odor_blind,7005,9.0,9.946919461535673,0.9469194615356731,False,600,22.879999999999995,0,1.359551841351518,10.166666666666666,7.134550931254743,8.038114512082773,0.0002812950993469343,True
ppo_normal,shifted_aligned,odor_blind,7006,3.0,3.8921794349441514,0.8921794349441514,False,600,15.200000000000015,0,1.0100323001092328,78.66666666666666,1.453629158826618,0.11454869730446493,0.8921794349441514,False
ppo_normal,shifted_aligned,odor_blind,7007,9.0,8.320475493573628,0.6795245064263717,True,87,13.920000000000009,0,1.0086278057439444,47.12643678160919,0.43881278824638026,1.0476113691595366,0.0049988662744180345,False
ppo_normal,shifted_aligned,odor_blind,7008,3.0,2.2308784847811634,0.7691215152188366,False,600,15.36000000000002,0,1.0178999386436092,53.333333333333336,1.504146602295077,1.923989927993667,0.016305475111147327,False
ppo_normal,shifted_aligned,odor_blind,7009,9.0,8.706379400030523,0.2936205999694774,False,600,21.119999999999973,0,1.2923230478224133,7.833333333333334,7.191961200472129,6.861435503338679,0.2815258580642688,True
ppo_normal,shifted_aligned,odor_blind,7010,3.0,3.1743716254537384,0.1743716254537384,False,600,15.360000000000019,0,1.018534126677125,6.833333333333333,2.264010072758555,1.874357852364252,0.1743716254537384,False
ppo_normal,shifted_aligned,odor_blind,7011,9.0,8.287036028550034,0.712963971449966,False,600,22.720000000000013,0,1.406975126913531,9.833333333333332,7.074283659059392,7.718943730431111,0.004423393321445701,True
ppo_normal,shifted_aligned,odor_blind,7012,3.0,3.1561629960952047,0.15616299609520468,False,600,18.240000000000006,0,1.2275959335271152,88.5,1.3575276668830434,3.143240898136935,0.001604395674683623,False
ppo_normal,shifted_aligned,odor_blind,7013,9.0,9.962301683929224,0.9623016839292244,False,600,22.720000000000013,0,1.3516367452436466,9.666666666666666,6.994086295615114,7.9065250704605035,0.01982940659519805,True
ppo_normal,shifted_aligned,odor_blind,7014,3.0,2.2212231562360607,0.7787768437639393,False,600,17.6,0,1.1808199436672264,90.0,1.3811339267143548,2.514991993542489,0.01908685329904003,False
ppo_normal,shifted_aligned,odor_blind,7015,9.0,8.286435122177638,0.7135648778223622,False,600,21.600000000000044,0,1.3132948871557542,7.666666666666666,7.50623940103894,6.724452770350978,0.7135648778223622,True
ppo_normal,shifted_aligned,odor_blind,7016,3.0,2.5428162143107054,0.45718378568929463,True,87,13.920000000000014,0,1.0086278057439444,47.12643678160919,0.36392465086683784,0.7716243450690206,0.0021123643394380665,False
ppo_normal,shifted_aligned,odor_blind,7017,9.0,9.355578917301692,0.3555789173016919,True,86,13.760000000000021,0,1.0094105410818572,46.51162790697674,0.3728352425238153,0.3408261905765375,0.014752726725154375,False
ppo_normal,shifted_aligned,odor_blind,7018,3.0,3.9445586208771912,0.9445586208771912,False,600,15.199999999999973,0,1.0093446779328485,88.33333333333333,1.35976109115274,0.1706355241391475,0.7739230967380437,False
ppo_normal,shifted_aligned,odor_blind,7019,9.0,9.698043753038288,0.6980437530382879,False,600,15.19999999999996,0,1.010506229069621,91.83333333333333,1.155209640169395,0.36155332615878244,0.4266308583174858,False
ppo_normal,shifted_aligned,odor_blind,7020,3.0,2.3365485839452704,0.6634514160547296,False,600,15.360000000000008,0,1.014345561884909,91.66666666666666,1.2907918052122862,0.09817407842471271,0.6004359645486934,False
ppo_normal,shifted_aligned,odor_blind,7021,9.0,8.044322566324539,0.9556774336754614,True,87,13.920000000000009,0,1.0086278057439444,45.97701149425287,0.3719169263476186,1.2404602716979056,0.008646000294554312,False
ppo_normal,shifted_aligned,odor_blind,7022,3.0,2.026258218182196,0.9737417818178038,False,600,15.519999999999996,0,1.0394256995150624,91.16666666666666,1.2949533882039774,0.5274080576651454,0.5211454229678432,False
ppo_normal,shifted_aligned,odor_blind,7023,9.0,9.429123032107583,0.42912303210758296,False,600,22.72,0,1.3720717397334266,9.833333333333332,7.04429199069932,7.79895819046406,0.07080906512466711,True
ppo_normal,shifted_aligned,odor_blind,7024,3.0,3.6376395982300096,0.6376395982300096,False,600,19.52000000000001,0,1.280237580411169,85.33333333333334,1.7560933993321113,4.015541457337452,0.06386359675820064,False
ppo_normal,shifted_aligned,odor_blind,7025,9.0,9.889132544753299,0.8891325447532985,False,600,22.88,0,1.3648521826771216,10.333333333333334,7.03033003334571,7.873856395339137,0.05715803665351338,True
ppo_normal,shifted_aligned,odor_blind,7026,3.0,2.042613895541674,0.9573861044583261,False,600,17.75999999999999,0,1.1952475211889146,74.0,1.33958884222235,2.587997129845331,0.006445556921989226,False
ppo_normal,shifted_aligned,odor_blind,7027,9.0,8.663445473967801,0.3365545260321987,True,87,13.919999999999998,0,1.0094097035461547,47.12643678160919,0.44747372629309917,0.13808863523319914,0.25710788977320753,False
ppo_normal,shifted_aligned,odor_blind,7028,3.0,2.9144833784688924,0.08551662153110762,False,600,15.359999999999985,0,1.0093307797865192,91.5,1.3693739253070378,0.6432526593956021,0.07134335819071458,False
ppo_normal,shifted_aligned,odor_blind,7029,9.0,9.949403926506728,0.9494039265067276,False,600,22.720000000000024,0,1.3512370606948634,10.166666666666666,6.953515976934905,7.84825374884112,0.03427430451113089,True
ppo_normal,shifted_aligned,odor_blind,7030,3.0,2.5428050043526484,0.45719499564735155,False,600,17.60000000000001,0,1.1818681527772685,90.33333333333333,1.3511711409426836,2.5208203613539393,0.006887756758035657,False
ppo_normal,shifted_aligned,odor_blind,7031,9.0,8.866972586955683,0.1330274130443172,False,600,22.88000000000002,0,1.392429720079127,9.833333333333332,7.279353114878963,7.949228653119166,0.0076899143722375385,True
ppo_normal,shifted_aligned,odor_blind,7032,3.0,2.2543399010071132,0.7456600989928868,False,600,15.200000000000028,0,1.0093446779328488,92.33333333333333,1.2406359389532475,0.11976478152848413,0.6463786030335514,False
ppo_normal,shifted_aligned,odor_blind,7033,9.0,9.622963596333069,0.6229635963330686,True,86,13.759999999999994,0,1.0086289605801528,46.51162790697674,0.42910594616757974,0.4111072980922792,0.22814077798513743,False
ppo_normal,shifted_aligned,odor_blind,7034,3.0,3.2771219283447532,0.27712192834475324,False,600,15.360000000000017,0,1.0185341266771253,6.5,2.5058444636653543,2.0452635588788795,0.27712192834475324,False
ppo_normal,shifted_aligned,odor_blind,7035,9.0,9.102534139845213,0.10253413984521309,False,600,22.72,0,1.3775120049946337,10.0,7.088748191705081,7.700059682016706,0.06711506263315847,True
ppo_normal,shifted_aligned,odor_blind,7036,3.0,3.821950807840718,0.8219508078407181,False,600,15.199999999999996,0,1.0100323001092326,43.333333333333336,1.677383382661464,0.4933709006344307,0.8219508078407181,False
ppo_normal,shifted_aligned,odor_blind,7037,9.0,8.40144240677897,0.5985575932210292,False,600,21.119999999999997,0,1.3028001467002224,7.5,7.145953218021451,6.567686623430902,0.5272135106570346,True
ppo_normal,shifted_aligned,odor_blind,7038,3.0,2.4952959903477536,0.5047040096522464,False,600,17.6,0,1.1810958364196682,90.33333333333333,1.3332844456148725,2.488179339786617,0.01761707023200554,False
ppo_normal,shifted_aligned,odor_blind,7039,9.0,9.084003599751505,0.08400359975150451,False,600,23.360000000000003,0,1.4320059781926304,10.0,6.771737949063127,7.742912099490111,0.05798614416564085,True
ppo_normal,shifted_aligned,odor_blind,7040,3.0,2.0913118826538337,0.9086881173461663,False,600,15.36000000000002,0,1.0185341266771255,86.5,1.3126776243530869,1.7886639217552567,0.013068018414522431,False
ppo_normal,shifted_aligned,odor_blind,7041,9.0,9.302733036743653,0.30273303674365337,False,600,22.880000000000027,0,1.380517541305103,10.0,7.2050734455683845,7.7444621504174345,0.044940611001480946,True
ppo_normal,shifted_aligned,odor_blind,7042,3.0,3.117158931084605,0.11715893108460484,False,600,18.560000000000024,0,1.243231246251352,87.0,1.328977407706344,3.4799785892255786,0.038751211702738875,False
ppo_normal,shifted_aligned,odor_blind,7043,9.0,8.576461127304986,0.4235388726950138,False,600,21.280000000000037,0,1.3071091814861993,7.833333333333334,7.264022767253245,6.865282338735772,0.35527880925000765,True
ppo_normal,shifted_aligned,odor_blind,7044,3.0,3.442851389495437,0.4428513894954369,True,87,13.919999999999966,0,1.0094097035461551,47.12643678160919,0.40069087657801,0.7827582912106696,0.0010148221149353098,False
ppo_normal,shifted_aligned,odor_blind,7045,9.0,9.983387374909343,0.9833873749093431,False,600,22.879999999999978,0,1.3569774037631,10.166666666666666,7.097798331195007,8.033150268644855,0.033569185225525544,True
ppo_normal,shifted_aligned,odor_blind,7046,3.0,3.360585495244869,0.36058549524486905,False,600,15.199999999999996,0,1.009344677932849,84.33333333333334,1.418962712915508,0.6118808022282871,0.3453549742455526,False
ppo_normal,shifted_aligned,odor_blind,7047,9.0,8.245111898979713,0.7548881010202866,True,87,13.920000000000005,0,1.0086278057439444,47.12643678160919,0.3691822376607954,0.47972005984607513,0.29064192473504136,False
ppo_normal,shifted_aligned,odor_blind,7048,3.0,3.08888644544097,0.08888644544096991,False,600,15.360000000000015,0,1.0185341266771255,7.166666666666667,2.1487550048159636,1.828878964596421,0.08888644544096991,False
ppo_normal,shifted_aligned,odor_blind,7049,9.0,9.928885343932075,0.928885343932075,False,600,23.200000000000014,0,1.3754921699804976,10.166666666666666,7.1839694981731785,8.066750446897377,0.0643054342939795,True
ppo_normal,crosswind_decoupled,unmasked,7000,3.0,8.505615642447076,5.505615642447076,True,270,40.32000000000001,0,2.632810623649,53.333333333333336,0.33981915389868644,6.4639378653762325,0.004120313932793884,True
ppo_normal,crosswind_decoupled,unmasked,7001,9.0,2.488568740895528,6.511431259104472,False,600,15.679999999999994,0,1.0402328920872679,0.0,5.569729261035229,1.0556510241605825,5.472211756354123,False
ppo_normal,crosswind_decoupled,unmasked,7002,3.0,9.485914132875008,6.485914132875008,True,138,21.600000000000033,0,1.4145091102442935,8.695652173913043,0.32523121990941567,6.4104305566960536,0.32401352976229614,True
ppo_normal,crosswind_decoupled,unmasked,7003,9.0,3.5595923921348396,5.44040760786516,False,600,16.319999999999997,0,1.077047566914121,0.0,3.3270929174107984,2.261776858197451,3.1786307496677093,False
ppo_normal,crosswind_decoupled,unmasked,7004,3.0,8.999671589151205,5.999671589151205,True,139,21.760000000000012,0,1.465311201741718,10.071942446043165,0.423833527663743,6.20165950991344,0.3185416140133883,True
ppo_normal,crosswind_decoupled,unmasked,7005,9.0,3.946919461535672,5.053080538464328,False,600,16.000000000000004,0,1.0619703088739874,0.0,3.4693962284377347,1.7930238478206153,3.3317132008172736,False
ppo_normal,crosswind_decoupled,unmasked,7006,3.0,9.892179434944152,6.892179434944152,True,408,53.760000000000005,0,3.4005187965800343,64.95098039215686,0.35002569365726,8.031419024863617,0.008792537731327155,True
ppo_normal,crosswind_decoupled,unmasked,7007,9.0,2.320475493573629,6.679524506426371,False,600,16.32000000000001,0,1.077329136694559,0.0,4.708825901846403,2.07924050791142,4.600283998514951,False
ppo_normal,crosswind_decoupled,unmasked,7008,3.0,8.230878484781163,5.230878484781163,True,140,21.600000000000033,0,1.4628346791323545,10.714285714285714,0.35658622992844946,6.302116848752108,0.35081734826573197,True
ppo_normal,crosswind_decoupled,unmasked,7009,9.0,2.706379400030522,6.293620599969477,False,600,17.91999999999999,0,1.1946368090150163,0.0,6.398093538727248,1.6310454167473558,5.790911598141461,False
ppo_normal,crosswind_decoupled,unmasked,7010,3.0,9.174371625453738,6.1743716254537375,True,142,21.920000000000023,0,1.4568316762917222,9.15492957746479,0.3777383476354276,6.346381801578304,0.35688195478295004,True
ppo_normal,crosswind_decoupled,unmasked,7011,9.0,2.287036028550033,6.712963971449967,False,600,15.360000000000003,0,1.0209053817682887,0.0,5.3561492298636,1.4508165017823171,5.266516156668345,False
ppo_normal,crosswind_decoupled,unmasked,7012,3.0,9.156162996095205,6.156162996095205,True,313,47.36000000000002,0,3.1657962638375716,59.424920127795524,0.41013710328649466,7.855686783505874,0.012836329818016523,True
ppo_normal,crosswind_decoupled,unmasked,7013,9.0,3.9623016839292244,5.037698316070776,False,600,15.680000000000016,0,1.0402328920872679,0.0,4.490675610315157,0.6938466276511468,4.364145209127022,False
ppo_normal,crosswind_decoupled,unmasked,7014,3.0,8.22122315623606,5.221223156236061,True,141,21.760000000000012,0,1.471999669360825,9.219858156028367,0.44279514606532583,6.149078934525833,0.44265743094561305,True
ppo_normal,crosswind_decoupled,unmasked,7015,9.0,2.2864351221776382,6.713564877822362,False,600,15.360000000000035,0,1.0207734021247945,0.0,6.498824855612484,0.35140883603838535,6.414348924324418,False
ppo_normal,crosswind_decoupled,unmasked,7016,3.0,8.542816214310706,5.542816214310706,False,600,15.360000000000007,0,1.024568283756577,0.0,6.651795291425647,1.052004600129436,5.530797040443051,False
ppo_normal,crosswind_decoupled,unmasked,7017,9.0,3.3555789173016923,5.644421082698308,False,600,17.92000000000002,0,1.1949215884902167,0.0,6.509712042542406,1.9743743151621589,5.238685677912284,False
ppo_normal,crosswind_decoupled,unmasked,7018,3.0,9.944558620877192,6.944558620877192,True,212,31.51999999999999,0,1.9971501780538348,39.62264150943396,0.39758385197296936,8.063507307681935,0.0022564362733938914,True
ppo_normal,crosswind_decoupled,unmasked,7019,9.0,3.698043753038287,5.301956246961713,False,600,15.359999999999996,0,1.0185341266771255,0.0,3.9115014105069754,1.5213855562605447,3.7805706907011682,False
ppo_normal,crosswind_decoupled,unmasked,7020,3.0,8.33654858394527,5.3365485839452695,True,323,46.08000000000001,0,2.99179513335579,61.91950464396285,0.43044709406439513,6.916662120165561,0.030229133621367588,True
ppo_normal,crosswind_decoupled,unmasked,7021,9.0,2.0443225663245395,6.9556774336754605,False,600,15.36000000000001,0,1.0178999386436094,0.0,5.466701795997821,1.5889147184023984,5.373212331353422,False
ppo_normal,crosswind_decoupled,unmasked,7022,3.0,8.026258218182196,5.026258218182196,True,132,20.64,0,1.3899841074911212,9.090909090909092,0.31041854433699534,5.259994916615382,0.30069327177133376,True
ppo_normal,crosswind_decoupled,unmasked,7023,9.0,3.429123032107583,5.570876967892417,False,600,15.680000000000009,0,1.042413528143183,0.0,4.358100919162227,1.3252061631162793,4.245670804776138,False
ppo_normal,crosswind_decoupled,unmasked,7024,3.0,9.63763959823001,6.63763959823001,True,142,21.760000000000012,0,1.4258243402088797,9.859154929577464,0.3938956572766009,6.331656904727321,0.3861340170809382,True
ppo_normal,crosswind_decoupled,unmasked,7025,9.0,3.8891325447532985,5.1108674552467015,False,600,17.919999999999973,0,1.1710846894719584,0.0,7.315091319337733,2.4299399131357085,4.9503057893806695,False
ppo_normal,crosswind_decoupled,unmasked,7026,3.0,8.042613895541674,5.042613895541674,True,147,21.439999999999984,0,1.46801036840176,9.523809523809524,0.4226212481136793,5.925658655419584,0.3931530667866796,True
ppo_normal,crosswind_decoupled,unmasked,7027,9.0,2.6634454739678013,6.336554526032199,False,600,15.680000000000007,0,1.042756389495582,0.0,5.450256862530668,0.9797790765120715,5.356775449520127,False
ppo_normal,crosswind_decoupled,unmasked,7028,3.0,8.914483378468892,5.914483378468892,True,136,21.119999999999983,0,1.418335937561217,9.558823529411764,0.39211950763842307,5.740083388401049,0.3423700920691095,True
ppo_normal,crosswind_decoupled,unmasked,7029,9.0,3.9494039265067276,5.050596073493272,False,600,16.32000000000002,0,1.083710665718496,0.0,3.4604257463547596,1.726035850853897,3.3245602226393753,False
ppo_normal,crosswind_decoupled,unmasked,7030,3.0,8.542805004352648,5.542805004352648,True,368,55.84,0,3.6557459123515628,64.94565217391305,0.43581414096780363,7.710411437456056,0.010955780324942044,True
ppo_normal,crosswind_decoupled,unmasked,7031,9.0,2.8669725869556837,6.133027413044316,False,600,18.08000000000001,0,1.1949989819545925,0.0,7.14782686937829,2.6232204591607573,4.75313701005476,False
ppo_normal,crosswind_decoupled,unmasked,7032,3.0,8.254339901007112,5.254339901007112,False,600,15.680000000000032,0,1.042039434921241,0.0,6.320298314467944,1.004373138940032,5.233856615437963,False
ppo_normal,crosswind_decoupled,unmasked,7033,9.0,3.6229635963330695,5.3770364036669305,False,600,18.239999999999988,0,1.1984711293100183,0.0,7.44214773532573,2.8281249430471433,4.693660530343754,False
ppo_normal,crosswind_decoupled,unmasked,7034,3.0,9.277121928344753,6.277121928344753,True,139,21.760000000000005,0,1.4529417654356684,9.352517985611511,0.44677609488152614,6.314275400909188,0.3813235634240053,True
ppo_normal,crosswind_decoupled,unmasked,7035,9.0,3.102534139845213,5.897465860154787,False,600,16.48000000000001,0,1.080086101291779,0.0,3.202289939035649,2.85360178772793,3.0456859984007485,False
ppo_normal,crosswind_decoupled,unmasked,7036,3.0,9.821950807840718,6.821950807840718,False,600,15.680000000000009,0,1.0505950368226527,0.0,6.9361298034134,0.5335843502843804,6.360925917144147,False
ppo_normal,crosswind_decoupled,unmasked,7037,9.0,2.401442406778971,6.598557593221029,False,600,17.76,0,1.181851176942369,0.0,5.698287337778482,1.5700120464044796,5.610784645412302,False
ppo_normal,crosswind_decoupled,unmasked,7038,3.0,8.495295990347753,5.495295990347753,True,139,21.760000000000005,0,1.47795717613526,9.352517985611511,0.37665535196734123,6.35811398491,0.3038206978204858,True
ppo_normal,crosswind_decoupled,unmasked,7039,9.0,3.0840035997515045,5.9159964002484955,False,600,18.240000000000002,0,1.2195367619840938,0.0,6.431210733774777,2.30017598814265,4.839195399720144,False
ppo_normal,crosswind_decoupled,unmasked,7040,3.0,8.091311882653834,5.091311882653834,False,600,15.36000000000003,0,1.0216246591366642,0.0,6.778788120495269,1.6209683952660914,5.091311882653834,False
ppo_normal,crosswind_decoupled,unmasked,7041,9.0,3.302733036743653,5.697266963256347,False,600,15.520000000000017,0,1.0253966140464823,0.0,3.9684162003722667,1.8709941595146637,3.834932959005279,False
ppo_normal,crosswind_decoupled,unmasked,7042,3.0,9.117158931084605,6.117158931084605,True,138,21.600000000000016,0,1.43919625546658,8.695652173913043,0.40758543646516404,6.221337219958562,0.38674151537077295,True
ppo_normal,crosswind_decoupled,unmasked,7043,9.0,2.5764611273049853,6.423538872695015,False,600,17.920000000000034,0,1.171001668642913,0.0,3.338167746557133,3.2261524825642933,3.1973863901307213,False
ppo_normal,crosswind_decoupled,unmasked,7044,3.0,9.442851389495438,6.442851389495438,True,213,31.67999999999997,0,2.0148192857804657,40.845070422535215,0.3896573173488631,7.620988576406939,0.00426327146701766,True
ppo_normal,crosswind_decoupled,unmasked,7045,9.0,3.9833873749093427,5.016612625090657,False,600,17.599999999999987,0,1.1705612293556902,0.0,7.151577126916058,2.428663765982175,4.667184609690686,False
ppo_normal,crosswind_decoupled,unmasked,7046,3.0,9.36058549524487,6.3605854952448695,True,273,40.15999999999997,0,2.5600305183605414,50.91575091575091,0.44826817994851187,8.000209730620412,0.0053352836734976705,True
ppo_normal,crosswind_decoupled,unmasked,7047,9.0,2.2451118989797134,6.754888101020287,False,600,15.680000000000005,0,1.0407308180512527,0.0,5.636151773489076,1.2268270891424167,5.5435348954387,False
ppo_normal,crosswind_decoupled,unmasked,7048,3.0,9.08888644544097,6.08888644544097,True,139,21.760000000000016,0,1.45895519150105,10.79136690647482,0.3989533230096819,6.419338292403838,0.31104978963288055,True
ppo_normal,crosswind_decoupled,unmasked,7049,9.0,3.928885343932076,5.071114656067924,False,600,15.68,0,1.0407308180512527,0.0,3.7857688815555615,1.4328797273042837,3.6514976035844997,False
ppo_normal,crosswind_decoupled,odor_blind,7000,3.0,8.505615642447076,5.505615642447076,False,600,15.200000000000005,0,1.017975451782838,0.0,6.434236948107761,0.8644365045973803,5.505615642447076,False
ppo_normal,crosswind_decoupled,odor_blind,7001,9.0,2.488568740895528,6.511431259104472,False,600,15.199999999999994,0,1.0093446779328485,0.0,6.11932622065509,0.4995586779078707,6.028304102606835,False
ppo_normal,crosswind_decoupled,odor_blind,7002,3.0,9.485914132875008,6.485914132875008,False,600,22.880000000000035,0,1.3694859024379615,77.66666666666666,1.4783263616293303,7.941474094405226,0.0374141002374615,True
ppo_normal,crosswind_decoupled,odor_blind,7003,9.0,3.5595923921348396,5.44040760786516,False,600,15.199999999999994,0,1.0179754517828379,0.0,4.445732213715963,1.0851049182734993,4.355302689591661,False
ppo_normal,crosswind_decoupled,odor_blind,7004,3.0,8.999671589151205,5.999671589151205,False,600,22.720000000000017,0,1.379200730015691,76.66666666666667,1.365779162671442,7.466653939424887,0.07367874085161041,True
ppo_normal,crosswind_decoupled,odor_blind,7005,9.0,3.946919461535672,5.053080538464328,False,600,19.36,0,1.2951508640239926,0.0,7.189127550668122,4.207660135332333,2.936698929984729,True
ppo_normal,crosswind_decoupled,odor_blind,7006,3.0,9.892179434944152,6.892179434944152,False,600,22.87999999999998,0,1.359051147340096,77.33333333333333,1.353862840609845,7.956904298225309,0.035316695409953525,True
ppo_normal,crosswind_decoupled,odor_blind,7007,9.0,2.320475493573629,6.679524506426371,False,600,15.200000000000012,0,1.0179754517828379,0.0,5.400604330373532,1.3495357107456654,5.3299887956807055,False
ppo_normal,crosswind_decoupled,odor_blind,7008,3.0,8.230878484781163,5.230878484781163,False,600,22.720000000000038,0,1.4085554787548524,67.83333333333333,1.3348865416713271,7.672829665052331,0.0671092193835996,True
ppo_normal,crosswind_decoupled,odor_blind,7009,9.0,2.706379400030522,6.293620599969477,False,600,15.359999999999989,0,1.0124091277029081,0.0,6.7407680270862205,0.422383388533742,6.28152585806427,False
ppo_normal,crosswind_decoupled,odor_blind,7010,3.0,9.174371625453738,6.1743716254537375,False,600,23.040000000000028,0,1.3986141954245053,78.83333333333333,1.269125047804636,7.618095443473463,0.012636754113613868,True
ppo_normal,crosswind_decoupled,odor_blind,7011,9.0,2.287036028550033,6.712963971449967,False,600,15.360000000000001,0,1.0178999386436092,0.0,5.032650329602134,1.781981364694392,4.935351293756271,False
ppo_normal,crosswind_decoupled,odor_blind,7012,3.0,9.156162996095205,6.156162996095205,False,600,22.71999999999999,0,1.378987758403948,77.5,1.3092440702771708,7.640602942335732,0.06981860233979331,True
ppo_normal,crosswind_decoupled,odor_blind,7013,9.0,3.9623016839292244,5.037698316070776,False,600,15.200000000000017,0,1.0093446779328488,0.0,5.0330438005168086,0.13758210969070017,4.920409727087469,False
ppo_normal,crosswind_decoupled,odor_blind,7014,3.0,8.22122315623606,5.221223156236061,False,600,22.720000000000006,0,1.4098423028897862,77.66666666666666,1.3226200515539248,7.6071977666212405,0.05544284268531907,True
ppo_normal,crosswind_decoupled,odor_blind,7015,9.0,2.2864351221776382,6.713564877822362,False,600,15.200000000000035,0,1.0119189950489722,0.0,6.731183651031944,0.10782061526571196,6.653323235430015,False
ppo_normal,crosswind_decoupled,odor_blind,7016,3.0,8.542816214310706,5.542816214310706,False,600,15.200000000000006,0,1.0093446779328483,0.0,6.524640770698184,0.9116503423958999,5.530797040443051,False
ppo_normal,crosswind_decoupled,odor_blind,7017,9.0,3.3555789173016923,5.644421082698308,False,600,16.000000000000018,0,1.0700321980884366,0.0,7.0172493179077,1.3155395538487196,5.644421082698308,False
ppo_normal,crosswind_decoupled,odor_blind,7018,3.0,9.944558620877192,6.944558620877192,False,600,23.199999999999985,0,1.369147910485418,77.83333333333333,1.4716394741998873,8.135997434969303,0.06880728633039901,True
ppo_normal,crosswind_decoupled,odor_blind,7019,9.0,3.698043753038287,5.301956246961713,False,600,15.199999999999996,0,1.0100323001092328,0.0,4.061548458288825,1.3622194684980071,3.939736778463706,False
ppo_normal,crosswind_decoupled,odor_blind,7020,3.0,8.33654858394527,5.3365485839452695,False,600,20.80000000000001,0,1.2829139526732798,79.83333333333333,1.4189867547149617,6.468577558752539,0.010408467561121792,True
ppo_normal,crosswind_decoupled,odor_blind,7021,9.0,2.0443225663245395,6.9556774336754605,False,600,15.36000000000001,0,1.0178999386436094,0.0,5.466701795997821,1.5889147184023984,5.373212331353422,False
ppo_normal,crosswind_decoupled,odor_blind,7022,3.0,8.026258218182196,5.026258218182196,False,600,21.759999999999998,0,1.3497024270498916,78.66666666666666,1.4872358285834812,6.522778558998643,0.054037532846243685,True
ppo_normal,crosswind_decoupled,odor_blind,7023,9.0,3.429123032107583,5.570876967892417,False,600,15.20000000000001,0,1.0100323001092328,0.0,5.234267286984589,0.44148607515081784,5.129390892741599,False
ppo_normal,crosswind_decoupled,odor_blind,7024,3.0,9.63763959823001,6.63763959823001,False,600,22.88000000000001,0,1.369143033378933,78.5,1.3245561960142762,7.685698031098998,0.06307396124080622,True
ppo_normal,crosswind_decoupled,odor_blind,7025,9.0,3.8891325447532985,5.1108674552467015,False,600,16.479999999999976,0,1.09973160458946,0.0,7.191480944927509,2.099796670202866,5.041599065829995,False
ppo_normal,crosswind_decoupled,odor_blind,7026,3.0,8.042613895541674,5.042613895541674,False,600,22.879999999999992,0,1.4295503446776057,77.33333333333333,1.3550633444152267,7.679020618432325,0.004299089020273428,True
ppo_normal,crosswind_decoupled,odor_blind,7027,9.0,2.6634454739678013,6.336554526032199,False,600,15.200000000000003,0,1.010032300109233,0.0,6.4104375167946985,0.14636194583139872,6.2571078897732075,False
ppo_normal,crosswind_decoupled,odor_blind,7028,3.0,8.914483378468892,5.914483378468892,False,600,21.439999999999976,0,1.3061332112158384,78.66666666666666,1.3607701616237249,6.98050886137064,0.05063309520308623,True
ppo_normal,crosswind_decoupled,odor_blind,7029,9.0,3.9494039265067276,5.050596073493272,False,600,17.60000000000002,0,1.1783071704434327,0.0,7.112373541642582,2.41777348364617,4.64947401338224,False
ppo_normal,crosswind_decoupled,odor_blind,7030,3.0,8.542805004352648,5.542805004352648,False,600,22.720000000000002,0,1.3988602910595564,77.83333333333333,1.3157722504375367,7.611222769918113,0.041793898427665344,True
ppo_normal,crosswind_decoupled,odor_blind,7031,9.0,2.8669725869556837,6.133027413044316,False,600,16.00000000000001,0,1.0574030456870969,0.0,3.8226143319052217,2.4266664036086674,3.706361009435649,False
ppo_normal,crosswind_decoupled,odor_blind,7032,3.0,8.254339901007112,5.254339901007112,False,600,15.200000000000028,0,1.0093446779328488,0.0,5.457346818429243,0.11976478152848458,5.233856615437963,False
ppo_normal,crosswind_decoupled,odor_blind,7033,9.0,3.6229635963330695,5.3770364036669305,False,600,16.319999999999993,0,1.0881322129253579,0.0,7.133533153355001,1.715575473154592,5.3607519239225825,False
ppo_normal,crosswind_decoupled,odor_blind,7034,3.0,9.277121928344753,6.277121928344753,False,600,22.72,0,1.37290006314792,77.83333333333333,1.2927772152516908,7.601168773012954,0.018785010409497982,True
ppo_normal,crosswind_decoupled,odor_blind,7035,9.0,3.102534139845213,5.897465860154787,False,600,17.920000000000012,0,1.1995369697968064,0.0,7.100842301040771,2.886767772349085,4.157442672780712,False
ppo_normal,crosswind_decoupled,odor_blind,7036,3.0,9.821950807840718,6.821950807840718,False,600,23.360000000000014,0,1.402883341294132,78.83333333333333,1.108102184191214,8.076632287608929,0.0742681964820271,True
ppo_normal,crosswind_decoupled,odor_blind,7037,9.0,2.401442406778971,6.598557593221029,False,600,15.2,0,1.0124886092320726,0.0,6.728508261755008,0.20555483967060484,6.527213510657035,False
ppo_normal,crosswind_decoupled,odor_blind,7038,3.0,8.495295990347753,5.495295990347753,False,600,22.719999999999995,0,1.3990946091380805,77.83333333333333,1.3155823924174634,7.602843340722128,0.007216007217655029,True
ppo_normal,crosswind_decoupled,odor_blind,7039,9.0,3.0840035997515045,5.9159964002484955,False,600,17.12,0,1.1499367382798362,0.0,7.038901497042482,1.9771201436799677,5.010372251361437,False
ppo_normal,crosswind_decoupled,odor_blind,7040,3.0,8.091311882653834,5.091311882653834,False,600,23.20000000000003,0,1.4453221700613723,76.16666666666667,1.3700557257551234,7.752473219224343,0.012885388741512571,True
ppo_normal,crosswind_decoupled,odor_blind,7041,9.0,3.302733036743653,5.697266963256347,False,600,19.040000000000013,0,1.2797094543613647,0.0,7.1378429265660275,3.846921214381867,3.244479789322109,False
ppo_normal,crosswind_decoupled,odor_blind,7042,3.0,9.117158931084605,6.117158931084605,False,600,22.720000000000017,0,1.3761682058389675,68.33333333333333,1.3374213385400646,7.573906699320359,0.036099639625102764,True
ppo_normal,crosswind_decoupled,odor_blind,7043,9.0,2.5764611273049853,6.423538872695015,False,600,15.200000000000028,0,1.0124886092320726,0.0,6.703180126339421,0.3558862643071041,6.3552788092500085,False
ppo_normal,crosswind_decoupled,odor_blind,7044,3.0,9.442851389495438,6.442851389495438,False,600,21.759999999999952,0,1.3076830259453944,79.16666666666666,1.3631246803507788,7.508795781115866,0.04274679862733066,True
ppo_normal,crosswind_decoupled,odor_blind,7045,9.0,3.9833873749093427,5.016612625090657,False,600,17.599999999999987,0,1.1705612293556902,0.0,7.151577126916058,2.428663765982175,4.667184609690686,False
ppo_normal,crosswind_decoupled,odor_blind,7046,3.0,9.36058549524487,6.3605854952448695,False,600,22.719999999999985,0,1.3664197401257545,77.5,1.3834738200128092,7.907536841309123,0.027379463324148645,True
ppo_normal,crosswind_decoupled,odor_blind,7047,9.0,2.2451118989797134,6.754888101020287,False,600,15.200000000000005,0,1.0093446779328488,0.0,6.269502216746157,0.5891299687961777,6.181232015784939,False
ppo_normal,crosswind_decoupled,odor_blind,7048,3.0,9.08888644544097,6.08888644544097,False,600,22.720000000000013,0,1.3839603154975284,78.66666666666666,1.2831133067011926,7.6939959660250326,0.04576006570748392,True
ppo_normal,crosswind_decoupled,odor_blind,7049,9.0,3.928885343932076,5.071114656067924,False,600,15.2,0,1.0093446779328488,0.0,4.412753184039741,0.7956711813621085,4.288706149526675,False
ppo_robust,shifted_aligned,unmasked,7000,3.0,2.5056156424470757,0.4943843575529243,True,102,15.519999999999978,0,1.0787122804400202,50.98039215686274,0.3819311804535753,2.3045049701486735,0.0056564844079241006,False
ppo_robust,shifted_aligned,unmasked,7001,9.0,8.488568740895527,0.511431259104473,True,104,15.679999999999993,0,1.0857554746121352,53.84615384615385,0.43365539816217996,1.7065782055934182,0.018741632239214212,False
ppo_robust,shifted_aligned,unmasked,7002,3.0,3.4859141328750076,0.4859141328750076,True,313,48.320000000000064,0,3.4935993507310505,31.948881789137378,0.4394288753034038,7.288833167681253,0.023209801790388784,True
ppo_robust,shifted_aligned,unmasked,7003,9.0,9.559592392134839,0.5595923921348387,True,90,14.079999999999998,0,1.0202195887385124,47.77777777777778,0.42233128631891736,1.2390199874181942,0.013031447871336255,False
ppo_robust,shifted_aligned,unmasked,7004,3.0,2.9996715891512062,0.0003284108487937587,True,367,57.60000000000001,0,4.048882037222047,4.087193460490464,0.44525257627234727,7.025168586330079,0.0003284108487937587,True
ppo_robust,shifted_aligned,unmasked,7005,9.0,9.946919461535673,0.9469194615356731,True,89,14.079999999999998,0,1.0233106806117365,48.31460674157304,0.3161926361505437,1.0865243820983306,0.0027378480467739053,False
ppo_robust,shifted_aligned,unmasked,7006,3.0,3.8921794349441514,0.8921794349441514,True,152,23.840000000000007,0,1.7019505065930272,9.210526315789473,0.43565593046344064,6.334075142430956,0.4356559301510159,True
ppo_robust,shifted_aligned,unmasked,7007,9.0,8.320475493573628,0.6795245064263717,True,89,14.080000000000005,0,1.027983965519741,47.19101123595505,0.34376902637471407,1.4674246144723657,0.011762945738189146,False
ppo_robust,shifted_aligned,unmasked,7008,3.0,2.2308784847811634,0.7691215152188366,True,332,51.68,0,3.5737013848510335,36.144578313253014,0.440128738443025,7.685178910042877,0.002390658298056181,True
ppo_robust,shifted_aligned,unmasked,7009,9.0,8.706379400030523,0.2936205999694774,True,88,13.919999999999995,0,1.0242379459231477,46.590909090909086,0.435977485749892,1.0532135944126608,0.0021077214762375007,False
ppo_robust,shifted_aligned,unmasked,7010,3.0,3.1743716254537384,0.1743716254537384,True,176,26.08000000000002,0,1.8158804066534595,14.772727272727273,0.386115655258852,6.733221792896318,0.1339872128370101,True
ppo_robust,shifted_aligned,unmasked,7011,9.0,8.287036028550034,0.712963971449966,True,89,14.24000000000001,0,1.0270758530634128,46.06741573033708,0.4129324580912478,1.6927903372344915,0.0159879624320034,False
ppo_robust,shifted_aligned,unmasked,7012,3.0,3.1561629960952047,0.15616299609520468,True,153,23.84000000000002,0,1.6946137511588815,9.803921568627452,0.3978322576766587,7.102486505591095,0.018697602014766446,True
ppo_robust,shifted_aligned,unmasked,7013,9.0,9.962301683929224,0.9623016839292244,True,155,20.480000000000015,0,1.4457163767242736,69.6774193548387,0.427825141258349,1.995026416715799,0.028976649123430676,False
ppo_robust,shifted_aligned,unmasked,7014,3.0,2.2212231562360607,0.7787768437639393,True,224,34.400000000000006,0,2.5117913608085773,28.57142857142857,0.3514163058096124,8.116553786464706,0.0010931193104934955,True
ppo_robust,shifted_aligned,unmasked,7015,9.0,8.286435122177638,0.7135648778223622,True,203,24.639999999999997,0,1.734210232181939,75.86206896551724,0.43811046720297886,2.4067598765762366,0.011035340322457898,False
ppo_robust,shifted_aligned,unmasked,7016,3.0,2.5428162143107054,0.45718378568929463,True,106,16.159999999999993,0,1.1208815595223727,50.943396226415096,0.4354049719555058,2.604970411379978,0.026044348322426636,False
ppo_robust,shifted_aligned,unmasked,7017,9.0,9.355578917301692,0.3555789173016919,True,89,14.240000000000023,0,1.0266821515501254,47.19101123595505,0.35052228879354325,1.1107769229201754,0.010392533194737652,False
ppo_robust,shifted_aligned,unmasked,7018,3.0,3.9445586208771912,0.9445586208771912,True,154,23.840000000000003,0,1.6495444980484035,14.285714285714285,0.4223799105503967,6.618716917062773,0.010391514106215638,True
ppo_robust,shifted_aligned,unmasked,7019,9.0,9.698043753038288,0.6980437530382879,True,88,13.919999999999993,0,1.0157236749240115,46.590909090909086,0.3299306047566367,0.7371365590532051,0.11899686327427084,False
ppo_robust,shifted_aligned,unmasked,7020,3.0,2.3365485839452704,0.6634514160547296,True,149,23.359999999999992,0,1.6548828448282566,11.409395973154362,0.42335153045029883,7.235321945898387,0.018085146408573838,True
ppo_robust,shifted_aligned,unmasked,7021,9.0,8.044322566324539,0.9556774336754614,True,90,14.240000000000014,0,1.033798760706592,46.666666666666664,0.44813267485774216,1.8784877589856563,0.0002849549100627513,False
ppo_robust,shifted_aligned,unmasked,7022,3.0,2.026258218182196,0.9737417818178038,True,164,25.759999999999994,0,1.7879798071625346,10.365853658536585,0.40166608944069504,7.985451106398375,0.012932125468464228,True
ppo_robust,shifted_aligned,unmasked,7023,9.0,9.429123032107583,0.42912303210758296,True,87,13.920000000000014,0,1.0149726825076315,45.97701149425287,0.37506026955672134,0.9676560501759397,0.0066850250507730635,False
ppo_robust,shifted_aligned,unmasked,7024,3.0,3.6376395982300096,0.6376395982300096,True,230,32.95999999999998,0,2.3178551955072537,23.91304347826087,0.3789423856793544,7.066762606450837,0.3111497292311136,True
ppo_robust,shifted_aligned,unmasked,7025,9.0,9.889132544753299,0.8891325447532985,True,97,14.879999999999963,0,1.043227615420263,52.57731958762887,0.32769829017974705,1.599115690822515,0.0056257273269082475,False
ppo_robust,shifted_aligned,unmasked,7026,3.0,2.042613895541674,0.9573861044583261,True,242,36.96000000000001,0,2.563941112635082,35.9504132231405,0.3935960113817623,7.9829769950008025,0.01337449356806264,True
ppo_robust,shifted_aligned,unmasked,7027,9.0,8.663445473967801,0.3365545260321987,True,88,13.920000000000016,0,1.0225423294540812,46.590909090909086,0.407583897234765,0.9728641517671921,0.021525751195627052,False
ppo_robust,shifted_aligned,unmasked,7028,3.0,2.9144833784688924,0.08551662153110762,True,153,23.999999999999996,0,1.697447442274764,7.8431372549019605,0.40150499926203426,6.756151799802451,0.002231521302190842,True
ppo_robust,shifted_aligned,unmasked,7029,9.0,9.949403926506728,0.9494039265067276,True,86,13.76000000000002,0,1.0118324217489025,45.348837209302324,0.4360722539200244,0.9703112528623254,0.004118727589808913,False
ppo_robust,shifted_aligned,unmasked,7030,3.0,2.5428050043526484,0.45719499564735155,True,303,45.28000000000003,0,3.1743909944928164,32.34323432343234,0.4141741289369987,7.4398790561067845,0.020100358048610545,True
ppo_robust,shifted_aligned,unmasked,7031,9.0,8.866972586955683,0.1330274130443172,True,90,14.08000000000002,0,1.029583482636348,47.77777777777778,0.37142242386145197,1.052659948865351,0.02288338015452318,False
ppo_robust,shifted_aligned,unmasked,7032,3.0,2.2543399010071132,0.7456600989928868,True,163,25.279999999999994,0,1.8185094422682238,9.815950920245399,0.41241693836974097,7.62016427035195,0.024671007405205003,True
ppo_robust,shifted_aligned,unmasked,7033,9.0,9.622963596333069,0.6229635963330686,True,302,32.480000000000004,0,2.2848218163628715,84.76821192052981,0.42557379080674673,2.8860827366321127,0.015237228980637951,False
ppo_robust,shifted_aligned,unmasked,7034,3.0,3.2771219283447532,0.27712192834475324,True,160,25.279999999999994,0,1.7747505614357895,8.125,0.3553327220838052,6.72983030629322,0.25808318859209445,True
ppo_robust,shifted_aligned,unmasked,7035,9.0,9.102534139845213,0.10253413984521309,True,102,15.359999999999998,0,1.0901484618519464,53.92156862745098,0.4350568339090795,1.745007737109578,0.015619875743492884,False
ppo_robust,shifted_aligned,unmasked,7036,3.0,3.821950807840718,0.8219508078407181,True,155,24.480000000000004,0,1.7196980354938194,7.741935483870968,0.43297547051298096,6.575047420805414,0.36819055906204756,True
ppo_robust,shifted_aligned,unmasked,7037,9.0,8.40144240677897,0.5985575932210292,True,99,15.199999999999996,0,1.0636899996753575,51.515151515151516,0.4282311448238019,1.382406766043232,0.002863489363127414,False
ppo_robust,shifted_aligned,unmasked,7038,3.0,2.4952959903477536,0.5047040096522464,True,157,24.800000000000033,0,1.750404589464339,10.191082802547772,0.39590837457256406,7.550752000943638,0.010104545384831187,True
ppo_robust,shifted_aligned,unmasked,7039,9.0,9.084003599751505,0.08400359975150451,True,99,15.03999999999999,0,1.0486800608885043,53.535353535353536,0.4479369275710398,0.6460076077525336,0.08400359975150451,False
ppo_robust,shifted_aligned,unmasked,7040,3.0,2.0913118826538337,0.9086881173461663,True,525,73.59999999999994,0,5.177596540650984,8.571428571428571,0.4107922117766923,7.8565510629690785,0.06546354761050521,True
ppo_robust,shifted_aligned,unmasked,7041,9.0,9.302733036743653,0.30273303674365337,True,103,15.520000000000032,0,1.07409951149723,54.36893203883495,0.446595307693287,1.0846794443080867,0.032248256280979604,False
ppo_robust,shifted_aligned,unmasked,7042,3.0,3.117158931084605,0.11715893108460484,True,239,35.20000000000002,0,2.457512726263932,26.359832635983267,0.42770146223934763,6.963286309653464,0.11715893108460484,True
ppo_robust,shifted_aligned,unmasked,7043,9.0,8.576461127304986,0.4235388726950138,True,100,15.360000000000039,0,1.075738327881823,53.0,0.40343149032612,1.567596068917938,0.009533612220915089,False
ppo_robust,shifted_aligned,unmasked,7044,3.0,3.442851389495437,0.4428513894954369,True,164,25.12,0,1.7469414802315857,14.02439024390244,0.3736709693431609,6.694431139070468,0.019232398369475767,True
ppo_robust,shifted_aligned,unmasked,7045,9.0,9.983387374909343,0.9833873749093431,True,220,26.399999999999984,0,1.8722496959305155,79.0909090909091,0.32792315551357415,2.578223793723703,0.02180823720998859,False
ppo_robust,shifted_aligned,unmasked,7046,3.0,3.360585495244869,0.36058549524486905,True,155,24.479999999999997,0,1.750949060094945,9.67741935483871,0.42047959699304777,6.574427035476665,0.3453549742455526,True
ppo_robust,shifted_aligned,unmasked,7047,9.0,8.245111898979713,0.7548881010202866,True,92,14.399999999999988,0,1.0272864021746821,48.91304347826087,0.4288940434314785,1.500059553869722,0.004135483131914697,False
ppo_robust,shifted_aligned,unmasked,7048,3.0,3.08888644544097,0.08888644544096991,True,189,27.359999999999996,0,1.9805079167861528,23.809523809523807,0.4306604848394819,7.856741259003908,0.06640052741401314,True
ppo_robust,shifted_aligned,unmasked,7049,9.0,9.928885343932075,0.928885343932075,True,88,13.920000000000012,0,1.0220619183114246,46.590909090909086,0.4112895196476415,1.0727628883024263,0.0017496938402281614,False
ppo_robust,shifted_aligned,odor_blind,7000,3.0,2.5056156424470757,0.4943843575529243,False,600,93.44000000000008,0,6.241624942344425,17.0,6.710215993438727,7.57136798423651,0.0056564844079241006,True
ppo_robust,shifted_aligned,odor_blind,7001,9.0,8.488568740895527,0.511431259104473,False,600,93.6,0,15.140289861832324,54.666666666666664,7.927865883996411,8.111379089552738,0.0005585600529549595,True
ppo_robust,shifted_aligned,odor_blind,7002,3.0,3.4859141328750076,0.4859141328750076,False,600,94.08000000000015,0,6.953804649825769,10.0,0.7142847062063638,7.871710436983378,0.011346992560555158,True
ppo_robust,shifted_aligned,odor_blind,7003,9.0,9.559592392134839,0.5595923921348387,False,600,93.59999999999997,0,14.715697422840332,52.166666666666664,7.943725076734455,8.102287932902364,0.013081349068221115,True
ppo_robust,shifted_aligned,odor_blind,7004,3.0,2.9996715891512062,0.0003284108487937587,False,600,94.23999999999998,0,9.865662083042418,15.0,8.015852178203248,7.1032346280110765,0.0003284108487937587,True
ppo_robust,shifted_aligned,odor_blind,7005,9.0,9.946919461535673,0.9469194615356731,False,600,94.07999999999994,0,7.3969031046819556,46.166666666666664,2.013127852899609,7.879733215351057,0.007660512351138848,True
ppo_robust,shifted_aligned,odor_blind,7006,3.0,3.8921794349441514,0.8921794349441514,True,145,23.040000000000017,0,1.602776471615926,8.96551724137931,0.4446671321401665,6.3294557576286525,0.2594582726269703,True
ppo_robust,shifted_aligned,odor_blind,7007,9.0,8.320475493573628,0.6795245064263717,False,600,93.6,0,24.438083143074984,54.0,10.696253697021891,8.025318792549573,0.0032671600022489145,True
ppo_robust,shifted_aligned,odor_blind,7008,3.0,2.2308784847811634,0.7691215152188366,False,600,94.07999999999997,0,6.692239433068995,9.666666666666666,0.7434020117024307,7.914860203820322,0.023164258596608533,True
ppo_robust,shifted_aligned,odor_blind,7009,9.0,8.706379400030523,0.2936205999694774,False,600,93.28000000000003,0,10.059781016678574,54.666666666666664,4.800099019922642,7.882281131193854,0.0021077214762375007,True
ppo_robust,shifted_aligned,odor_blind,7010,3.0,3.1743716254537384,0.1743716254537384,True,165,25.6,0,1.8287299618995883,17.575757575757574,0.4193777248832456,7.8199226566589015,0.04768826084664868,True
ppo_robust,shifted_aligned,odor_blind,7011,9.0,8.287036028550034,0.712963971449966,False,600,93.92000000000002,0,10.098230709685478,43.0,4.810354079785173,7.87284693220762,0.015581153996139463,True
ppo_robust,shifted_aligned,odor_blind,7012,3.0,3.1561629960952047,0.15616299609520468,False,600,94.24000000000001,0,10.410214850174276,12.5,7.461662365622043,7.121334839635216,0.018697602014766446,True
ppo_robust,shifted_aligned,odor_blind,7013,9.0,9.962301683929224,0.9623016839292244,False,600,93.12000000000006,0,28.768488182396222,60.16666666666667,14.600801985742018,8.399158798838757,0.0033270359820019024,True
ppo_robust,shifted_aligned,odor_blind,7014,3.0,2.2212231562360607,0.7787768437639393,False,600,93.43999999999998,0,6.652093297662804,12.5,6.296705125143305,7.7227219357056835,0.0010931193104934955,True
ppo_robust,shifted_aligned,odor_blind,7015,9.0,8.286435122177638,0.7135648778223622,True,382,59.19999999999999,0,4.113560019394259,48.69109947643979,0.39962463164252426,8.18882791157442,0.001924808385062704,True
ppo_robust,shifted_aligned,odor_blind,7016,3.0,2.5428162143107054,0.45718378568929463,False,600,94.23999999999994,0,9.019614086384088,18.5,7.453978474847363,7.4744719707421385,0.006111749209256612,True
ppo_robust,shifted_aligned,odor_blind,7017,9.0,9.355578917301692,0.3555789173016919,False,600,93.60000000000002,0,10.0981363421283,53.333333333333336,4.761051850165789,7.942628647227568,0.03289369575915657,True
ppo_robust,shifted_aligned,odor_blind,7018,3.0,3.9445586208771912,0.9445586208771912,False,600,93.60000000000008,0,6.5502467859288505,10.666666666666668,6.528716898485315,6.4508998190542215,0.5380146723140187,True
ppo_robust,shifted_aligned,odor_blind,7019,9.0,9.698043753038288,0.6980437530382879,True,390,61.12000000000002,0,4.479381921879289,65.8974358974359,0.41104483978160833,8.398114990786883,0.013672813604884482,True
ppo_robust,shifted_aligned,odor_blind,7020,3.0,2.3365485839452704,0.6634514160547296,False,600,92.63999999999999,0,6.886239718726135,30.0,7.020347727284374,8.400377349557129,0.002167055798013795,True
ppo_robust,shifted_aligned,odor_blind,7021,9.0,8.044322566324539,0.9556774336754614,True,378,59.04000000000001,0,4.295331565517273,48.67724867724868,0.4176572002704585,8.074243273338139,0.0002849549100627513,True
ppo_robust,shifted_aligned,odor_blind,7022,3.0,2.026258218182196,0.9737417818178038,False,600,94.23999999999992,0,8.907653695695718,18.333333333333332,7.847189634429827,8.005841711675167,0.00279692355322414,True
ppo_robust,shifted_aligned,odor_blind,7023,9.0,9.429123032107583,0.42912303210758296,False,600,93.91999999999993,0,9.621695676103096,55.666666666666664,4.275799807714811,8.095214313106485,0.0038793129536109916,True
ppo_robust,shifted_aligned,odor_blind,7024,3.0,3.6376395982300096,0.6376395982300096,False,600,16.319999999999975,0,1.0216008072100833,0.0,6.936215072979452,6.3067909087757705,0.5944392601950397,True
ppo_robust,shifted_aligned,odor_blind,7025,9.0,9.889132544753299,0.8891325447532985,True,110,16.79999999999996,0,1.202939230115413,56.36363636363636,0.42284595793834173,0.5521566060182685,0.420748552228309,False
ppo_robust,shifted_aligned,odor_blind,7026,3.0,2.042613895541674,0.9573861044583261,True,405,63.20000000000004,0,4.368520876881529,21.48148148148148,0.4392204281939171,7.930016003964875,0.01337449356806264,True
ppo_robust,shifted_aligned,odor_blind,7027,9.0,8.663445473967801,0.3365545260321987,False,600,93.60000000000002,0,10.02017747169207,52.5,4.771492774860026,8.058604491263763,0.019001597798350645,True
ppo_robust,shifted_aligned,odor_blind,7028,3.0,2.9144833784688924,0.08551662153110762,False,600,53.120000000000005,0,3.2635316022153624,13.166666666666666,6.928968915334185,7.014628704106027,0.002231521302190842,True
ppo_robust,shifted_aligned,odor_blind,7029,9.0,9.949403926506728,0.9494039265067276,False,600,93.59999999999997,0,14.920413042992966,56.99999999999999,8.17739970515445,8.126424878081242,0.004485975996617597,True
ppo_robust,shifted_aligned,odor_blind,7030,3.0,2.5428050043526484,0.45719499564735155,False,600,94.24000000000004,0,10.37276285039589,12.833333333333332,7.482925076319639,7.5108737634351534,0.020100358048610545,True
ppo_robust,shifted_aligned,odor_blind,7031,9.0,8.866972586955683,0.1330274130443172,False,600,93.44000000000005,0,21.227783711349133,50.66666666666667,11.352291982224358,7.921831832465015,5.329708354473439e-05,True
ppo_robust,shifted_aligned,odor_blind,7032,3.0,2.2543399010071132,0.7456600989928868,False,600,94.23999999999995,0,5.738570601036332,16.0,6.563679400369438,7.961041351163201,0.0011303229943955273,True
ppo_robust,shifted_aligned,odor_blind,7033,9.0,9.622963596333069,0.6229635963330686,False,600,93.44000000000007,0,21.68295338273221,54.0,10.874003888916757,8.020015677628304,0.004110137018127347,True
ppo_robust,shifted_aligned,odor_blind,7034,3.0,3.2771219283447532,0.27712192834475324,False,600,93.43999999999993,0,9.895599870775252,24.333333333333336,9.616428812272979,8.006857950145681,0.00043701483798397334,True
ppo_robust,shifted_aligned,odor_blind,7035,9.0,9.102534139845213,0.10253413984521309,False,600,93.11999999999998,0,11.639210937519588,51.5,6.029974175628013,8.077194203569027,0.015619875743492884,True
ppo_robust,shifted_aligned,odor_blind,7036,3.0,3.821950807840718,0.8219508078407181,True,419,65.59999999999995,0,4.544080433983803,21.957040572792362,0.41861633508850804,7.873140991988758,0.016633080279588874,True
ppo_robust,shifted_aligned,odor_blind,7037,9.0,8.40144240677897,0.5985575932210292,False,600,93.44000000000001,0,16.884449334227405,55.333333333333336,8.623170765776953,8.064009075956163,0.002863489363127414,True
ppo_robust,shifted_aligned,odor_blind,7038,3.0,2.4952959903477536,0.5047040096522464,False,600,94.23999999999998,0,10.77056303441261,10.0,7.896680173173182,7.438944892467615,0.010104545384831187,True
ppo_robust,shifted_aligned,odor_blind,7039,9.0,9.084003599751505,0.08400359975150451,False,600,93.76000000000002,0,16.31645088519308,52.83333333333333,8.606143264137195,8.02230071048865,0.011647418170110058,True
ppo_robust,shifted_aligned,odor_blind,7040,3.0,2.0913118826538337,0.9086881173461663,True,168,26.080000000000044,0,1.8819862928573234,17.857142857142858,0.37927505512885584,7.859171752984425,0.016301222319727415,True
ppo_robust,shifted_aligned,odor_blind,7041,9.0,9.302733036743653,0.30273303674365337,False,600,94.08000000000007,0,10.261568524704046,50.66666666666667,4.8387909555943995,7.735191202267343,0.00288468232754191,True
ppo_robust,shifted_aligned,odor_blind,7042,3.0,3.117158931084605,0.11715893108460484,False,600,93.75999999999999,0,6.691012888353716,36.666666666666664,6.834751161611385,8.488080967627724,0.008835169606753013,True
ppo_robust,shifted_aligned,odor_blind,7043,9.0,8.576461127304986,0.4235388726950138,False,600,93.44000000000007,0,15.997097755232138,48.66666666666667,8.259176431073067,8.111048718919683,0.014834991580483958,True
ppo_robust,shifted_aligned,odor_blind,7044,3.0,3.442851389495437,0.4428513894954369,False,600,23.359999999999996,0,1.4586031700849136,3.0,6.982994792139591,6.904889782767752,0.10951833485108686,True
ppo_robust,shifted_aligned,odor_blind,7045,9.0,9.983387374909343,0.9833873749093431,False,600,93.92000000000004,0,9.294370961292397,57.49999999999999,3.9530309101733736,7.974135137591112,0.01443247926633795,True
ppo_robust,shifted_aligned,odor_blind,7046,3.0,3.360585495244869,0.36058549524486905,False,600,94.23999999999998,0,10.217098737873682,14.000000000000002,8.054226333376985,7.054222469219187,0.0011233965695489623,True
ppo_robust,shifted_aligned,odor_blind,7047,9.0,8.245111898979713,0.7548881010202866,False,600,94.07999999999998,0,10.169653483032963,56.833333333333336,4.8350624480675,7.944200756905913,0.0018224550519985172,True
ppo_robust,shifted_aligned,odor_blind,7048,3.0,3.08888644544097,0.08888644544096991,False,600,93.92000000000002,0,9.208294773015576,36.666666666666664,9.171817776915045,7.778253224341146,0.009518382926723579,True
ppo_robust,shifted_aligned,odor_blind,7049,9.0,9.928885343932075,0.928885343932075,False,600,93.92000000000006,0,15.805989676210622,49.666666666666664,8.386982201914142,8.140496792785965,0.006185839710511232,True
ppo_robust,crosswind_decoupled,unmasked,7000,3.0,8.505615642447076,5.505615642447076,True,138,21.759999999999998,0,1.4512625056991624,10.869565217391305,0.4019520875201962,6.517290724242798,0.3907025952145329,True
ppo_robust,crosswind_decoupled,unmasked,7001,9.0,2.488568740895528,6.511431259104472,True,111,17.599999999999994,0,1.1135734502122876,11.711711711711711,0.44469795789842687,6.447540783965209,0.08032199654949679,True
ppo_robust,crosswind_decoupled,unmasked,7002,3.0,9.485914132875008,6.485914132875008,True,137,21.60000000000004,0,1.416979852937912,10.218978102189782,0.4455343566263648,6.415676647923951,0.4455149652639543,True
ppo_robust,crosswind_decoupled,unmasked,7003,9.0,3.5595923921348396,5.44040760786516,True,243,36.80000000000004,0,2.43142436246368,9.465020576131687,0.30705876786998065,6.75698292225874,0.225526101252445,True
ppo_robust,crosswind_decoupled,unmasked,7004,3.0,8.999671589151205,5.999671589151205,True,136,21.60000000000001,0,1.4112379513367657,9.558823529411764,0.4174882986386131,6.559073206605035,0.3514140818756726,True
ppo_robust,crosswind_decoupled,unmasked,7005,9.0,3.946919461535672,5.053080538464328,True,164,24.95999999999999,0,1.6727665990515692,12.804878048780488,0.3427936749748458,6.56312696108312,0.3095252602415197,True
ppo_robust,crosswind_decoupled,unmasked,7006,3.0,9.892179434944152,6.892179434944152,True,137,21.440000000000015,0,1.394136244636736,10.948905109489052,0.3851837185106027,6.594685862247931,0.3790205884077631,True
ppo_robust,crosswind_decoupled,unmasked,7007,9.0,2.320475493573629,6.679524506426371,True,280,37.60000000000001,0,2.4119243236010726,8.214285714285714,0.4228803219162108,6.730373750555332,0.34518446544356074,True
ppo_robust,crosswind_decoupled,unmasked,7008,3.0,8.230878484781163,5.230878484781163,True,155,23.200000000000035,0,1.5159333640291164,19.35483870967742,0.43032998424594365,6.7025546093861825,0.10028722755621633,True
ppo_robust,crosswind_decoupled,unmasked,7009,9.0,2.706379400030522,6.293620599969477,True,363,47.83999999999999,0,3.034612893894803,7.162534435261708,0.4200690995733753,7.19558178412806,0.04232411417212667,True
ppo_robust,crosswind_decoupled,unmasked,7010,3.0,9.174371625453738,6.1743716254537375,True,312,48.800000000000026,0,3.216827743618373,32.69230769230769,0.33424424208107717,7.26523831155944,0.013775327760646938,True
ppo_robust,crosswind_decoupled,unmasked,7011,9.0,2.287036028550033,6.712963971449967,True,172,26.55999999999999,0,1.7001882423352197,9.883720930232558,0.34720760422963415,6.633560455615694,0.2621231994367559,True
ppo_robust,crosswind_decoupled,unmasked,7012,3.0,9.156162996095205,6.156162996095205,True,147,22.55999999999999,0,1.456256559630846,14.285714285714285,0.3446851389920413,6.602929728874431,0.18123485652620808,True
ppo_robust,crosswind_decoupled,unmasked,7013,9.0,3.9623016839292244,5.037698316070776,True,223,31.520000000000017,0,2.061443893277144,43.04932735426009,0.43143373750366687,7.80437641177218,0.006360366521061422,True
ppo_robust,crosswind_decoupled,unmasked,7014,3.0,8.22122315623606,5.221223156236061,True,141,22.080000000000013,0,1.4723200617239338,10.638297872340425,0.40275808806722324,6.431345977854401,0.3572176174655963,True
ppo_robust,crosswind_decoupled,unmasked,7015,9.0,2.2864351221776382,6.713564877822362,True,365,47.68,0,3.005559530390883,7.397260273972603,0.4410875032961954,6.901728074368096,0.11410649005040163,True
ppo_robust,crosswind_decoupled,unmasked,7016,3.0,8.542816214310706,5.542816214310706,True,137,21.759999999999984,0,1.4369528247709198,9.48905109489051,0.4301649356944928,6.54273143650028,0.3635660321546341,True
ppo_robust,crosswind_decoupled,unmasked,7017,9.0,3.3555789173016923,5.644421082698308,True,110,16.96000000000002,0,1.0917931871390034,48.18181818181818,0.44015979985607595,6.796647669683408,0.020171434585952497,True
ppo_robust,crosswind_decoupled,unmasked,7018,3.0,9.944558620877192,6.944558620877192,True,140,21.75999999999998,0,1.4042392164530082,10.0,0.4382612389756205,6.510680715118334,0.433877905758858,True
ppo_robust,crosswind_decoupled,unmasked,7019,9.0,3.698043753038287,5.301956246961713,True,106,16.80000000000001,0,1.1544022524325253,45.28301886792453,0.43741507207245794,6.245931661062657,0.0020571702661627,True
ppo_robust,crosswind_decoupled,unmasked,7020,3.0,8.33654858394527,5.3365485839452695,True,141,22.080000000000005,0,1.4707057708348819,10.638297872340425,0.43863053426276966,6.294899059900085,0.4006213997268153,True
ppo_robust,crosswind_decoupled,unmasked,7021,9.0,2.0443225663245395,6.9556774336754605,True,279,37.76000000000005,0,2.3633741448626218,8.60215053763441,0.3943807944959082,6.94097821417194,0.02114883558387959,True
ppo_robust,crosswind_decoupled,unmasked,7022,3.0,8.026258218182196,5.026258218182196,True,141,22.400000000000002,0,1.4933175434491976,9.929078014184398,0.44255077897068706,6.573651309522651,0.36086042068899893,True
ppo_robust,crosswind_decoupled,unmasked,7023,9.0,3.429123032107583,5.570876967892417,True,106,16.96,0,1.1554550831938852,44.339622641509436,0.40904022088263114,6.403866224959149,0.007228692530656389,True
ppo_robust,crosswind_decoupled,unmasked,7024,3.0,9.63763959823001,6.63763959823001,True,137,21.6,0,1.4111214084129748,10.218978102189782,0.432628814230602,6.375683888209773,0.4325701647984719,True
ppo_robust,crosswind_decoupled,unmasked,7025,9.0,3.8891325447532985,5.1108674552467015,True,98,15.360000000000007,0,1.0296843534460958,46.93877551020408,0.42716637647870737,4.718572887905514,0.39229456734118706,True
ppo_robust,crosswind_decoupled,unmasked,7026,3.0,8.042613895541674,5.042613895541674,True,139,21.75999999999999,0,1.4819345073135164,10.79136690647482,0.44864235353347254,6.295618580705268,0.4452894405234793,True
ppo_robust,crosswind_decoupled,unmasked,7027,9.0,2.6634454739678013,6.336554526032199,True,113,17.44,0,1.106039845268133,51.32743362831859,0.40629686479781474,7.277253107783764,0.019304500897476373,True
ppo_robust,crosswind_decoupled,unmasked,7028,3.0,8.914483378468892,5.914483378468892,True,143,22.07999999999999,0,1.4247744585363689,13.986013986013987,0.4412356248869707,6.519594085910345,0.18664238273257006,True
ppo_robust,crosswind_decoupled,unmasked,7029,9.0,3.9494039265067276,5.050596073493272,True,366,47.03999999999997,0,3.0992055838538373,7.103825136612022,0.3943626618160656,6.982591244400272,0.14939152976114123,True
ppo_robust,crosswind_decoupled,unmasked,7030,3.0,8.542805004352648,5.542805004352648,True,141,22.080000000000005,0,1.4525321434318748,10.638297872340425,0.39554756457403933,6.491535392852354,0.2929923856974699,True
ppo_robust,crosswind_decoupled,unmasked,7031,9.0,2.8669725869556837,6.133027413044316,True,344,46.56000000000003,0,3.020877534524149,6.686046511627906,0.34231964854914304,6.634213425594619,0.24173732889195065,True
ppo_robust,crosswind_decoupled,unmasked,7032,3.0,8.254339901007112,5.254339901007112,True,141,22.240000000000013,0,1.4773638748863094,9.219858156028367,0.3940033399282513,6.449687799048871,0.3243490362345942,True
ppo_robust,crosswind_decoupled,unmasked,7033,9.0,3.6229635963330695,5.3770364036669305,True,110,16.63999999999999,0,1.0804275210197094,53.63636363636364,0.40660769506056954,6.310226311572193,0.00368353283932521,True
ppo_robust,crosswind_decoupled,unmasked,7034,3.0,9.277121928344753,6.277121928344753,True,137,21.599999999999998,0,1.4108465051028758,8.75912408759124,0.40641056973018047,6.446921337031172,0.38483236272150023,True
ppo_robust,crosswind_decoupled,unmasked,7035,9.0,3.102534139845213,5.897465860154787,True,562,69.91999999999999,0,4.5799703494754995,6.93950177935943,0.3776450767112533,6.765697984680057,0.31453000347364224,True
ppo_robust,crosswind_decoupled,unmasked,7036,3.0,9.821950807840718,6.821950807840718,True,509,55.03999999999998,0,3.627491668213404,76.03143418467585,0.4447933266909409,7.947724284570464,0.0046029450305629105,True
ppo_robust,crosswind_decoupled,unmasked,7037,9.0,2.401442406778971,6.598557593221029,False,600,74.72000000000003,0,5.115138133479181,4.666666666666667,5.862670127402799,5.189992584294675,1.87760963188577,True
ppo_robust,crosswind_decoupled,unmasked,7038,3.0,8.495295990347753,5.495295990347753,True,150,22.72,0,1.4739895368074367,16.0,0.4139237332393195,6.760132860850579,0.030723673910761917,True
ppo_robust,crosswind_decoupled,unmasked,7039,9.0,3.0840035997515045,5.9159964002484955,True,438,57.120000000000005,0,3.7030388681511126,6.621004566210045,0.4247867148771434,6.772987038484478,0.24692878659502426,True
ppo_robust,crosswind_decoupled,unmasked,7040,3.0,8.091311882653834,5.091311882653834,True,143,22.560000000000016,0,1.5176626644883202,8.391608391608392,0.44728027127016246,6.534593931170853,0.43200896675665135,True
ppo_robust,crosswind_decoupled,unmasked,7041,9.0,3.302733036743653,5.697266963256347,True,123,18.719999999999988,0,1.2060995505343066,50.40650406504065,0.4062851189716398,6.840183784519711,0.048695689821066424,True
ppo_robust,crosswind_decoupled,unmasked,7042,3.0,9.117158931084605,6.117158931084605,True,139,21.76000000000002,0,1.4029715787517554,11.510791366906476,0.4403136564979959,6.482732277842979,0.25457835272468854,True
ppo_robust,crosswind_decoupled,unmasked,7043,9.0,2.5764611273049853,6.423538872695015,True,103,16.320000000000014,0,1.08101959648561,46.601941747572816,0.3125444299844918,6.453655673521415,0.0026469147966192708,True
ppo_robust,crosswind_decoupled,unmasked,7044,3.0,9.442851389495438,6.442851389495438,True,140,21.75999999999997,0,1.4126096729109807,10.0,0.40579703205162215,6.310663325989372,0.3737230006246972,True
ppo_robust,crosswind_decoupled,unmasked,7045,9.0,3.9833873749093427,5.016612625090657,False,600,76.32,0,5.225353217025109,3.833333333333333,3.249724171307482,5.056665402044775,1.9726501943304244,True
ppo_robust,crosswind_decoupled,unmasked,7046,3.0,9.36058549524487,6.3605854952448695,True,137,21.599999999999987,0,1.4064333271357423,10.948905109489052,0.3671304792291261,6.5825076292071625,0.34329740664321706,True
ppo_robust,crosswind_decoupled,unmasked,7047,9.0,2.2451118989797134,6.754888101020287,True,102,16.15999999999998,0,1.06121195661086,44.11764705882353,0.3165404057808618,6.654998960210925,0.11536302437019152,True
ppo_robust,crosswind_decoupled,unmasked,7048,3.0,9.08888644544097,6.08888644544097,True,230,30.88000000000001,0,2.0811024775190092,46.52173913043478,0.4312597856607215,7.796453088036802,0.04384562667075764,True
ppo_robust,crosswind_decoupled,unmasked,7049,9.0,3.928885343932076,5.071114656067924,True,130,18.720000000000006,0,1.2500663934776273,56.92307692307692,0.3986698713754518,6.334071738863105,0.033420895680860596,True
ppo_robust,crosswind_decoupled,odor_blind,7000,3.0,8.505615642447076,5.505615642447076,True,152,23.68,0,1.5643526240032124,19.078947368421055,0.40389811708276824,7.863848236300276,0.004902788196925911,True
ppo_robust,crosswind_decoupled,odor_blind,7001,9.0,2.488568740895528,6.511431259104472,True,110,17.439999999999994,0,1.1370247412833783,10.909090909090908,0.32423545574239204,6.20543671866163,0.32242606185307565,True
ppo_robust,crosswind_decoupled,odor_blind,7002,3.0,9.485914132875008,6.485914132875008,True,406,63.840000000000046,0,4.040491970627343,22.660098522167488,0.446759876446618,7.912659891752663,0.008197527230268342,True
ppo_robust,crosswind_decoupled,odor_blind,7003,9.0,3.5595923921348396,5.44040760786516,False,600,94.23999999999998,0,9.767893121907242,55.666666666666664,5.606956681071588,7.448674604383575,0.004112555321750477,True
ppo_robust,crosswind_decoupled,odor_blind,7004,3.0,8.999671589151205,5.999671589151205,True,406,63.84,0,4.085143315218023,20.44334975369458,0.4318101109203591,7.894961804211892,0.0048420646810201085,True
ppo_robust,crosswind_decoupled,odor_blind,7005,9.0,3.946919461535672,5.053080538464328,False,600,93.76000000000005,0,9.227022570442802,52.0,5.681955595377501,7.861725508459999,0.012215855858642044,True
ppo_robust,crosswind_decoupled,odor_blind,7006,3.0,9.892179434944152,6.892179434944152,True,151,23.520000000000014,0,1.4911713563805877,19.205298013245034,0.4217134256859616,7.976029346383068,0.0505375711562106,True
ppo_robust,crosswind_decoupled,odor_blind,7007,9.0,2.320475493573629,6.679524506426371,True,107,16.96000000000001,0,1.0783602011722753,25.233644859813083,0.4352906015555817,6.426918935038281,0.2526055713880897,True
ppo_robust,crosswind_decoupled,odor_blind,7008,3.0,8.230878484781163,5.230878484781163,True,155,24.000000000000036,0,1.5875175765963907,19.35483870967742,0.44933405655245495,7.827679322403817,0.07308445454725199,True
ppo_robust,crosswind_decoupled,odor_blind,7009,9.0,2.706379400030522,6.293620599969477,True,326,51.52000000000004,0,3.4448801198805397,38.036809815950924,0.4147126069898963,7.278132963015388,0.005935545633304784,True
ppo_robust,crosswind_decoupled,odor_blind,7010,3.0,9.174371625453738,6.1743716254537375,True,409,63.68000000000002,0,4.067478757236083,20.048899755501225,0.3941565869179251,7.865831540191464,0.009223474775362561,True
ppo_robust,crosswind_decoupled,odor_blind,7011,9.0,2.287036028550033,6.712963971449967,True,107,16.96,0,1.0669726929468644,28.971962616822427,0.4117408491867678,6.710223950338819,0.007108708111843498,True
ppo_robust,crosswind_decoupled,odor_blind,7012,3.0,9.156162996095205,6.156162996095205,False,600,94.08000000000003,0,7.401960399141243,26.5,4.980762073219374,7.966203270065139,0.027104886465254552,True
ppo_robust,crosswind_decoupled,odor_blind,7013,9.0,3.9623016839292244,5.037698316070776,True,107,16.960000000000004,0,1.1094950991915402,35.51401869158878,0.4075444132438253,5.362262369126942,0.006337715607651617,True
ppo_robust,crosswind_decoupled,odor_blind,7014,3.0,8.22122315623606,5.221223156236061,False,600,93.44,0,16.24201716452606,23.333333333333332,9.517483520850552,8.061959745717653,0.001300473580128525,True
ppo_robust,crosswind_decoupled,odor_blind,7015,9.0,2.2864351221776382,6.713564877822362,True,328,51.83999999999999,0,3.4158596402798014,35.36585365853659,0.42002827337831333,7.615228427670881,0.012451567224207594,True
ppo_robust,crosswind_decoupled,odor_blind,7016,3.0,8.542816214310706,5.542816214310706,False,600,93.59999999999994,0,15.40447302714959,22.666666666666664,9.30779919913208,8.109006901690694,0.007212099412684303,True
ppo_robust,crosswind_decoupled,odor_blind,7017,9.0,3.3555789173016923,5.644421082698308,True,110,17.440000000000026,0,1.1682100078697164,11.818181818181818,0.4249737924284041,5.5361298642674255,0.4247623994286762,True
ppo_robust,crosswind_decoupled,odor_blind,7018,3.0,9.944558620877192,6.944558620877192,False,600,93.28000000000003,0,16.0016503271844,21.666666666666668,9.810296738792594,8.140036191860617,0.01925614887912319,True
ppo_robust,crosswind_decoupled,odor_blind,7019,9.0,3.698043753038287,5.301956246961713,False,600,93.76,0,17.14514763319228,52.5,10.0677271647166,8.099484121687494,0.001860477324084897,True
ppo_robust,crosswind_decoupled,odor_blind,7020,3.0,8.33654858394527,5.3365485839452695,True,157,24.160000000000004,0,1.6306823866474491,21.656050955414013,0.4431658118761899,7.852901425254057,0.07022831819336295,True
ppo_robust,crosswind_decoupled,odor_blind,7021,9.0,2.0443225663245395,6.9556774336754605,True,108,17.120000000000037,0,1.0878209985754463,20.37037037037037,0.42375589097220373,6.637702086499964,0.324424963255856,True
ppo_robust,crosswind_decoupled,odor_blind,7022,3.0,8.026258218182196,5.026258218182196,True,141,22.399999999999974,0,1.465610329261674,10.638297872340425,0.4446414081330073,6.785717177535899,0.029029300183520235,True
ppo_robust,crosswind_decoupled,odor_blind,7023,9.0,3.429123032107583,5.570876967892417,False,600,93.44,0,12.65485951292399,54.50000000000001,9.9203079414434,8.041220794248414,0.0018858627776889847,True
ppo_robust,crosswind_decoupled,odor_blind,7024,3.0,9.63763959823001,6.63763959823001,False,600,93.76000000000002,0,9.278164051417784,23.833333333333336,7.653516276195262,7.7733749276100905,0.0035062927085678375,True
ppo_robust,crosswind_decoupled,odor_blind,7025,9.0,3.8891325447532985,5.1108674552467015,False,600,93.60000000000004,0,9.21078715852967,55.833333333333336,5.589135665759698,7.954366047000997,0.01717652808557979,True
ppo_robust,crosswind_decoupled,odor_blind,7026,3.0,8.042613895541674,5.042613895541674,True,411,64.63999999999996,0,4.231639942333972,23.114355231143552,0.4412956828247877,7.847081473011693,0.000328897784874993,True
ppo_robust,crosswind_decoupled,odor_blind,7027,9.0,2.6634454739678013,6.336554526032199,True,328,51.84000000000002,0,3.464420018546022,33.23170731707317,0.4107419923351531,7.262538811394288,0.014215616986572144,True
ppo_robust,crosswind_decoupled,odor_blind,7028,3.0,8.914483378468892,5.914483378468892,True,407,64.00000000000009,0,4.120534403617156,23.832923832923832,0.38125374510236937,7.594958149343279,0.024211449050070666,True
ppo_robust,crosswind_decoupled,odor_blind,7029,9.0,3.9494039265067276,5.050596073493272,False,600,94.24000000000002,0,10.859596199982699,62.16666666666667,6.476879362758338,6.908981287615972,9.863960806910654e-05,True
ppo_robust,crosswind_decoupled,odor_blind,7030,3.0,8.542805004352648,5.542805004352648,False,600,93.44,0,10.243584995970618,24.833333333333332,8.357207291109962,7.834058849041888,0.013629789579114426,True
ppo_robust,crosswind_decoupled,odor_blind,7031,9.0,2.8669725869556837,6.133027413044316,False,600,94.24000000000004,0,8.820763975106656,50.33333333333333,4.809613999606071,8.099807108983207,0.017306116457303844,True
ppo_robust,crosswind_decoupled,odor_blind,7032,3.0,8.254339901007112,5.254339901007112,True,138,21.91999999999998,0,1.435613826905613,9.420289855072465,0.40367451656467823,6.482253441525725,0.12857450741618504,True
ppo_robust,crosswind_decoupled,odor_blind,7033,9.0,3.6229635963330695,5.3770364036669305,True,107,16.959999999999976,0,1.1131299168962876,12.149532710280374,0.4346018721938237,5.119862681020737,0.2571737226461934,True
ppo_robust,crosswind_decoupled,odor_blind,7034,3.0,9.277121928344753,6.277121928344753,False,600,93.12000000000002,0,10.614926675674528,23.5,8.406460787433293,7.943352179379813,0.00167496273079637,True
ppo_robust,crosswind_decoupled,odor_blind,7035,9.0,3.102534139845213,5.897465860154787,False,600,94.2399999999999,0,6.512518794358125,63.5,7.149573006323986,8.101876439240263,0.004436519311989073,True
ppo_robust,crosswind_decoupled,odor_blind,7036,3.0,9.821950807840718,6.821950807840718,False,600,93.91999999999993,0,8.629003626768537,23.833333333333336,7.283791497967,7.815657339638376,0.010670264143076924,True
ppo_robust,crosswind_decoupled,odor_blind,7037,9.0,2.401442406778971,6.598557593221029,True,394,61.28000000000006,0,3.937252443247782,47.20812182741117,0.4151323262890058,8.263059927362013,0.01009889182785173,True
ppo_robust,crosswind_decoupled,odor_blind,7038,3.0,8.495295990347753,5.495295990347753,False,600,93.92,0,7.340480476621536,26.166666666666664,4.553847150237775,8.244613686225364,0.016983874482717987,True
ppo_robust,crosswind_decoupled,odor_blind,7039,9.0,3.0840035997515045,5.9159964002484955,True,389,60.32000000000003,0,3.935844812747326,53.470437017994854,0.39691590372538577,8.110342960302702,0.02377901577454722,True
ppo_robust,crosswind_decoupled,odor_blind,7040,3.0,8.091311882653834,5.091311882653834,True,140,22.400000000000027,0,1.460841191372411,10.0,0.447859847640671,6.872843247053231,0.05396446923683085,True
ppo_robust,crosswind_decoupled,odor_blind,7041,9.0,3.302733036743653,5.697266963256347,False,600,94.07999999999991,0,6.526459730177921,65.5,1.2745023156570123,7.955812911726306,0.002695594969516435,True
ppo_robust,crosswind_decoupled,odor_blind,7042,3.0,9.117158931084605,6.117158931084605,True,157,24.160000000000018,0,1.5926110947329606,21.019108280254777,0.40961220018196887,7.940318106737431,0.060906389098267955,True
ppo_robust,crosswind_decoupled,odor_blind,7043,9.0,2.5764611273049853,6.423538872695015,False,600,93.59999999999998,0,15.29043192316748,39.83333333333333,9.563469440966902,8.015049888921732,0.0059444700122810445,True
ppo_robust,crosswind_decoupled,odor_blind,7044,3.0,9.442851389495438,6.442851389495438,True,411,63.83999999999993,0,4.064347531580952,20.194647201946474,0.38750269885120553,7.795708858928192,0.003547068689776278,True
ppo_robust,crosswind_decoupled,odor_blind,7045,9.0,3.9833873749093427,5.016612625090657,True,103,16.319999999999993,0,1.068251880673365,44.66019417475729,0.4064977588785538,5.203394811675416,0.02736179033647801,True
ppo_robust,crosswind_decoupled,odor_blind,7046,3.0,9.36058549524487,6.3605854952448695,True,151,23.51999999999999,0,1.5154162061869343,18.543046357615893,0.4020170624591548,7.880038482958246,0.010080883057355106,True
ppo_robust,crosswind_decoupled,odor_blind,7047,9.0,2.2451118989797134,6.754888101020287,True,111,17.599999999999984,0,1.1487109843694652,11.711711711711711,0.3538488424719012,6.426716696868613,0.34364528771250313,True
ppo_robust,crosswind_decoupled,odor_blind,7048,3.0,9.08888644544097,6.08888644544097,False,600,94.08000000000001,0,9.598704981639305,32.666666666666664,7.47900770681756,7.831497361508377,0.003885670644883543,True
ppo_robust,crosswind_decoupled,odor_blind,7049,9.0,3.928885343932076,5.071114656067924,False,600,94.23999999999992,0,10.515730754344867,58.5,6.157397717474855,7.399496835545349,0.002778957353340772,True
