time/fps,time/time_elapsed,time/iterations,time/total_timesteps,train/n_updates,train/entropy_loss,train/clip_fraction,train/approx_kl,train/value_loss,rollout/ep_len_mean,train/explained_variance,train/clip_range,train/learning_rate,rollout/ep_rew_mean,train/loss,rollout/success_rate,train/policy_gradient_loss,eval/mean_reward,eval/mean_ep_length,eval/success_rate
6733,0,1,2048,,,,,,,,,,,,,,,,
5585,0,2,4096,10,-1.7864973649382592,0.070458984375,0.00975221,0.6892110846936703,600.0,0.1935497522354126,0.2,0.0003,-22.280956749999998,0.23333442211151123,0.0,-0.014346551010385155,,,
5472,1,3,6144,20,-1.7705305114388465,0.098974609375,0.010454259,0.3933490727096796,600.0,0.5458869934082031,0.2,0.0003,-14.554739624999998,0.11576403677463531,0.0,-0.01961507450323552,,,
5405,1,4,8192,30,-1.7505650267004966,0.098876953125,0.010535925,0.3074047727510333,597.25,0.5231620073318481,0.2,0.0003,-5.8919032499999995,0.1311449408531189,0.08333333333333333,-0.016984835983021185,,,
,,,10000,40,-1.7371675044298172,0.023828125,0.004807402,11.250758232176304,,0.05879777669906616,0.2,0.0003,,6.17268705368042,,-0.005034510447876528,0.2572206,600.0,0.0
3290,3,5,10240,,,,,,585.6875,,,,-0.7355594374999992,,0.125,,,,
3504,3,6,12288,50,-1.7533059269189835,0.016650390625,0.0054217824,10.25669656097889,569.75,0.17155969142913818,0.2,0.0003,7.826717450000001,3.7475147247314453,0.25,-0.00496858888072893,,,
3675,3,7,14336,60,-1.7544607385993003,0.00595703125,0.002647935,29.272729563713074,555.4782608695652,0.10276031494140625,0.2,0.0003,11.870141304347827,9.54373836517334,0.30434782608695654,-0.0024075108405668287,,,
3782,4,8,16384,70,-1.7485016718506814,0.030810546875,0.0047002076,18.212588304281233,559.2962962962963,0.2990713119506836,0.2,0.0003,12.069813,13.631744384765625,0.2962962962962963,-0.004353934616665356,,,
3900,4,9,18432,80,-1.7444725260138512,0.00458984375,0.0029477072,11.917304342985153,564.5483870967741,0.1553468108177185,0.2,0.0003,10.647094774193548,9.868708610534668,0.25806451612903225,-0.002427234224160202,,,
,,,20000,90,-1.730479009449482,0.0720703125,0.009362961,1.2453955605626106,,0.5896379947662354,0.2,0.0003,,0.4167861044406891,,-0.010622625926043839,0.695838,600.0,0.0
3237,6,10,20480,,,,,,567.6764705882352,,,,9.931407029411764,,0.23529411764705882,,,,
3355,6,11,22528,100,-1.720990002155304,0.10458984375,0.010024445,0.5754171002656221,562.0526315789474,0.5680789947509766,0.2,0.0003,10.553198342105262,0.25594279170036316,0.23684210526315788,-0.012601705576526002,,,
3458,7,12,24576,110,-1.6981726258993148,0.05419921875,0.01019419,9.492126561701298,565.6666666666666,0.22723448276519775,0.2,0.0003,9.817396095238095,4.819891929626465,0.21428571428571427,-0.007564920902950689,,,
3548,7,13,26624,120,-1.7003442913293838,0.121044921875,0.012971342,0.5276537958532572,566.5652173913044,0.5111024975776672,0.2,0.0003,10.306765652173913,0.16287115216255188,0.21739130434782608,-0.012904892035294324,,,
3630,7,14,28672,130,-1.6913783088326455,0.067236328125,0.007888446,10.150211460888386,563.6530612244898,0.11386144161224365,0.2,0.0003,11.98727187755102,5.481847286224365,0.24489795918367346,-0.007499824994010851,,,
,,,30000,140,-1.6818365544080733,0.009814453125,0.0054585817,19.448181515932085,,0.0701369047164917,0.2,0.0003,,14.496522903442383,,-0.004236224017222412,-0.3195798,600.0,0.0
3237,9,15,30720,,,,,,560.3653846153846,,,,12.436509730769227,,0.25,,,,
3313,9,16,32768,150,-1.6709389984607697,0.018603515625,0.004343543,9.2025192335248,563.1964285714286,0.26576530933380127,0.2,0.0003,11.720132089285714,2.9202942848205566,0.23214285714285715,-0.0035854923480656,,,
3385,10,17,34816,160,-1.652540135383606,0.16142578125,0.014546672,0.6040671888738871,558.85,0.3966049551963806,0.2,0.0003,12.001798666666668,0.25380125641822815,0.23333333333333334,-0.021218950452748686,,,
3452,10,18,36864,170,-1.6448626205325128,0.040380859375,0.0070550274,8.93071444630623,554.578125,0.2530786395072937,0.2,0.0003,13.126368687500001,4.527370452880859,0.25,-0.0061662973603233695,,,
3515,11,19,38912,180,-1.650997991859913,0.035595703125,0.006599363,17.595470851659776,543.1857142857143,0.19948607683181763,0.2,0.0003,16.108825699999997,8.167229652404785,0.3,-0.007822467014193535,,,
,,,40000,190,-1.6369566008448602,0.0236328125,0.0049756356,39.13763140439987,,0.2020508050918579,0.2,0.0003,,15.685554504394531,,-0.005056973721366376,8.215272,552.0,0.1
3243,12,20,40960,,,,,,537.8513513513514,,,,17.522478121621624,,0.32432432432432434,,,,
3301,13,21,43008,200,-1.641695387661457,0.03779296875,0.008066891,22.786540234088896,541.0384615384615,0.33389168977737427,0.2,0.0003,16.580096923076923,16.694368362426758,0.3076923076923077,-0.0065546873433049765,,,
3356,13,22,45056,210,-1.6627009078860282,0.050048828125,0.010850566,1.9211828857660294,543.2222222222222,0.6419680118560791,0.2,0.0003,16.020763691358024,0.8638359904289246,0.2962962962962963,-0.007622556699789129,,,
3408,13,23,47104,220,-1.649347174167633,0.126904296875,0.014850783,1.9030775710940362,539.9764705882353,0.728293240070343,0.2,0.0003,17.295042388235295,0.8123164176940918,0.3176470588235294,-0.011945905862376094,,,
3457,14,24,49152,230,-1.6709265932440758,0.016845703125,0.0038165366,22.42934650182724,540.9101123595506,0.3302401304244995,0.2,0.0003,17.218717595505616,8.586435317993164,0.3146067415730337,-0.005186513818625826,,,
,,,50000,240,-1.6583130791783334,0.039208984375,0.0075653815,9.891065430641174,,0.4433768391609192,0.2,0.0003,,2.3690459728240967,,-0.004313700454076752,9.8199115,500.4,0.2
3268,15,25,51200,,,,,,539.1827956989247,,,,17.757249075268813,,0.3225806451612903,,,,
3313,16,26,53248,250,-1.659746842086315,0.023291015625,0.0058120433,14.029332721233368,539.7113402061856,0.4043048024177551,0.2,0.0003,18.210798453608245,8.13498592376709,0.32989690721649484,-0.0052710187883349136,,,
3357,16,27,55296,260,-1.6591894641518592,0.005126953125,0.0020256722,16.087417989969254,540.69,0.28244733810424805,0.2,0.0003,18.20305122,7.546754360198975,0.33,-0.002640125132165849,,,
3399,16,28,57344,270,-1.6687798649072647,0.03759765625,0.0065396503,9.265929698944092,540.18,0.23850178718566895,0.2,0.0003,19.939057769999998,3.6972758769989014,0.35,-0.008157875324832276,,,
3439,17,29,59392,280,-1.6643203809857368,0.04169921875,0.006755449,15.080597716569901,536.87,0.25221794843673706,0.2,0.0003,21.56954781,7.498279571533203,0.37,-0.006222823477583006,,,
,,,60000,290,-1.651161642372608,0.030078125,0.0059187454,16.65343029499054,,0.3216556906700134,0.2,0.0003,,8.64238452911377,,-0.006259861454600469,-0.22791379999999997,600.0,0.0
3254,18,30,61440,,,,,,532.34,,,,22.285080999999995,,0.38,,,,
3293,19,31,63488,300,-1.6335323214530946,0.024609375,0.0058104815,18.072267842292785,530.54,0.23350536823272705,0.2,0.0003,22.8606958,12.062830924987793,0.39,-0.0059156270988751205,,,
3331,19,32,65536,310,-1.5971171140670777,0.0384765625,0.006784793,15.673071908950806,534.3,0.3267975449562073,0.2,0.0003,21.257810279999994,7.2738566398620605,0.36,-0.004450213938253,,,
3366,20,33,67584,320,-1.627568593621254,0.08994140625,0.011666007,1.8644879579544067,532.5,0.4076662063598633,0.2,0.0003,21.26627498,0.6967129707336426,0.36,-0.011219025868922473,,,
3401,20,34,69632,330,-1.5705134123563766,0.047412109375,0.007870728,15.922992885112762,526.4,0.20450323820114136,0.2,0.0003,21.923455290000007,9.286105155944824,0.37,-0.005496485906769521,,,
,,,70000,340,-1.5982990354299544,0.02138671875,0.0044566337,14.089297583699226,,0.344462513923645,0.2,0.0003,,6.67791223526001,,-0.0046889921912224965,11.1327413,553.5,0.2
3255,22,35,71680,,,,,,519.38,,,,23.64102852,,0.4,,,,
3288,22,36,73728,350,-1.5929840624332428,0.047998046875,0.0070580468,16.284931141138077,516.78,0.38121575117111206,0.2,0.0003,24.150774880000004,9.991729736328125,0.41,-0.007337036248645745,,,
3320,22,37,75776,360,-1.5933960750699043,0.02626953125,0.0054695066,14.553691464662553,512.78,0.38988274335861206,0.2,0.0003,25.2020075,5.222013473510742,0.43,-0.004536114510847256,,,
3351,23,38,77824,370,-1.5339925289154053,0.019140625,0.004594269,12.97384540438652,511.07,0.4597192406654358,0.2,0.0003,25.763498100000003,9.020651817321777,0.44,-0.0037793433817569166,,,
3380,23,39,79872,380,-1.5340640246868134,0.03076171875,0.0060785804,12.51241331100464,513.06,0.4394966959953308,0.2,0.0003,25.23015018,4.687514305114746,0.43,-0.005643505719490349,,,
,,,80000,390,-1.5582754477858543,0.056298828125,0.010933187,4.766049072146416,,0.6097686290740967,0.2,0.0003,,1.6840001344680786,,-0.006116956559708342,-2.1995486,600.0,0.0
3245,25,40,81920,,,,,,509.69,,,,26.35607375,,0.45,,,,
3274,25,41,83968,400,-1.5455529659986496,0.03564453125,0.006551088,20.239414823055267,504.51,0.37483155727386475,0.2,0.0003,28.02299399,16.790796279907227,0.48,-0.005701973102986813,,,
3303,26,42,86016,410,-1.5449234634637832,0.022314453125,0.0052759815,17.907818692922593,511.14,0.39386236667633057,0.2,0.0003,27.481277040000005,9.34856128692627,0.47,-0.00466008439543657,,,
3332,26,43,88064,420,-1.5440089955925942,0.016259765625,0.0037191575,8.349499320983886,510.9,0.38866376876831055,0.2,0.0003,27.45414698,2.3635621070861816,0.47,-0.0014068258817133028,,,
,,,90000,430,-1.5154662385582924,0.0412109375,0.006352796,5.763393288850784,,0.5385050773620605,0.2,0.0003,,3.7351040840148926,,-0.003279405302600935,0.10955909999999998,600.0,0.0
3213,28,44,90112,,,,,,513.9,,,,26.912289920000003,,0.46,,,,
3240,28,45,92160,440,-1.5400315836071967,0.05849609375,0.007573871,8.683767327666283,517.73,0.551287829875946,0.2,0.0003,26.35959185,1.1820456981658936,0.45,-0.008723371743690223,,,
3261,28,46,94208,450,-1.4940147340297698,0.042138671875,0.0064115818,7.190903821587563,522.59,0.5597511529922485,0.2,0.0003,25.29899938,1.8791030645370483,0.43,-0.006936783905257471,,,
3286,29,47,96256,460,-1.4252065658569335,0.0498046875,0.0052566053,6.875812031328678,519.2,0.5561127662658691,0.2,0.0003,26.536961100000003,6.813082218170166,0.45,-0.002619952446548268,,,
3311,29,48,98304,470,-1.4997659355401993,0.045849609375,0.007263071,12.749550896883012,515.51,0.4491729736328125,0.2,0.0003,27.07094955,7.337191581726074,0.46,-0.0054982217960059645,,,
,,,100000,480,-1.494146852195263,0.056982421875,0.005940869,14.426243263483048,,0.4322080612182617,0.2,0.0003,,6.060091495513916,,-0.00799422988347942,-0.3596999,600.0,0.0
3206,31,49,100352,,,,,,515.14,,,,27.594642070000006,,0.47,,,,
3224,31,50,102400,490,-1.5032921314239502,0.026708984375,0.005176923,14.828602236509322,512.78,0.4004998803138733,0.2,0.0003,27.066625019999996,6.143612861633301,0.46,-0.007620011293329299,,,
3246,32,51,104448,500,-1.5260091185569764,0.031787109375,0.00419426,12.636521390080452,500.79,0.42117393016815186,0.2,0.0003,28.197708359999993,11.122396469116211,0.48,-0.005402012058766559,,,
3266,32,52,106496,510,-1.5303151115775109,0.01240234375,0.00431983,28.54353265762329,494.81,0.36574727296829224,0.2,0.0003,29.33057688,9.727203369140625,0.5,-0.0038574859994696454,,,
3285,33,53,108544,520,-1.5309163942933082,0.049169921875,0.0069846828,28.505235016345978,490.41,0.3378576636314392,0.2,0.0003,29.345389250000007,12.38392448425293,0.5,-0.009246575282304548,,,
,,,110000,530,-1.5477099001407624,0.03095703125,0.006798505,14.724078106880189,,0.3095255494117737,0.2,0.0003,,4.960638523101807,,-0.005314323320635595,5.0853698,591.0,0.1
3184,34,54,110592,,,,,,490.45,,,,29.33191963,,0.5,,,,
3206,35,55,112640,540,-1.5156078889966011,0.0498046875,0.008636506,13.898646748065948,492.33,0.3686676025390625,0.2,0.0003,28.816624089999994,2.6272850036621094,0.49,-0.007127481006318703,,,
3228,35,56,114688,550,-1.5235353469848634,0.0416015625,0.006445367,6.809611201286316,490.14,0.633155345916748,0.2,0.0003,30.46297602,1.8794825077056885,0.52,-0.004524773746379651,,,
3249,35,57,116736,560,-1.5411529004573823,0.053076171875,0.00679742,19.01422312259674,490.24,0.337205708026886,0.2,0.0003,30.462042139999998,9.045795440673828,0.52,-0.00943873567157425,,,
3270,36,58,118784,570,-1.5180806994438172,0.033203125,0.0056953123,12.686520296335221,492.04,0.3819980025291443,0.2,0.0003,30.989241830000005,8.419342994689941,0.53,-0.0047546071582473814,,,
,,,120000,580,-1.5120812863111497,0.06806640625,0.01309123,19.532178550958633,,0.4191364645957947,0.2,0.0003,,7.765190124511719,,-0.006683865530067124,3.8486547,569.6,0.1
3190,37,59,120832,,,,,,488.21,,,,31.491011100000005,,0.54,,,,
3207,38,60,122880,590,-1.4814382195472717,0.04794921875,0.009364028,15.176533752679825,487.38,0.3771851062774658,0.2,0.0003,31.510263570000003,6.531358242034912,0.54,-0.007181957358261571,,,
3227,38,61,124928,600,-1.4862647145986556,0.0328125,0.008928794,16.759843051433563,483.4,0.4154849648475647,0.2,0.0003,32.60767466,7.307055950164795,0.56,-0.006732965511037037,,,
3246,39,62,126976,610,-1.4954044416546821,0.027392578125,0.008353994,18.594949734210967,476.03,0.5271198153495789,0.2,0.0003,33.59791521,5.315319061279297,0.58,-0.006453231355408207,,,
3266,39,63,129024,620,-1.405082057416439,0.061572265625,0.009300596,18.482227790355683,477.68,0.4645470380783081,0.2,0.0003,32.5229731,6.78120756149292,0.56,-0.008295367192476987,,,
,,,130000,630,-1.395720374584198,0.049560546875,0.007953728,13.490570449829102,,0.4799821972846985,0.2,0.0003,,4.8571600914001465,,-0.005249683323199861,7.435244,575.5,0.1
3191,41,64,131072,,,,,,475.9,,,,32.49751792000001,,0.56,,,,
3210,41,65,133120,640,-1.3518118634819984,0.03466796875,0.005057862,12.240727311372757,472.97,0.5738368034362793,0.2,0.0003,32.484267759999994,3.382106065750122,0.56,-0.0061022888054139916,,,
3228,41,66,135168,650,-1.4231442749500274,0.0845703125,0.011405448,10.653030014038086,474.44,0.5812573432922363,0.2,0.0003,31.930293820000003,5.727006435394287,0.55,-0.007899545331019909,,,
3247,42,67,137216,660,-1.4398949816823006,0.041357421875,0.007038517,8.437911969423293,469.54,0.5499690175056458,0.2,0.0003,33.019475729999996,4.445838451385498,0.57,-0.004651970264967531,,,
3264,42,68,139264,670,-1.2921575784683228,0.035888671875,0.0062872046,15.01020981669426,456.38,0.6096104979515076,0.2,0.0003,34.67716448,8.792677879333496,0.6,-0.006421251897700131,,,
,,,140000,680,-1.3857398927211761,0.043359375,0.0064500384,22.197199821472168,,0.5617663860321045,0.2,0.0003,,9.613373756408691,,-0.006845669029280544,17.3225878,482.8,0.3
3208,44,69,141312,,,,,,453.65,,,,34.7533339,,0.6,,,,
3226,44,70,143360,690,-1.3357958525419236,0.069482421875,0.008381294,7.2073412358760836,455.96,0.7726766467094421,0.2,0.0003,34.73125427,2.1898446083068848,0.6,-0.0078108995163347576,,,
3243,44,71,145408,700,-1.3917800694704057,0.08046875,0.0089190025,19.02983875274658,459.3,0.458795964717865,0.2,0.0003,33.65744877,10.725765228271484,0.58,-0.008541899448027834,,,
3260,45,72,147456,710,-1.4011252373456955,0.07177734375,0.009469634,1.554227416217327,456.58,0.5879517793655396,0.2,0.0003,34.18191061,0.5068002343177795,0.59,-0.008660153948585502,,,
3276,45,73,149504,720,-1.351911260187626,0.043701171875,0.0061184717,14.976445162296296,455.82,0.5938324332237244,0.2,0.0003,35.27089995000001,5.954004764556885,0.61,-0.005108871887205169,,,
,,,150000,730,-1.3990064844489098,0.04716796875,0.0064077517,17.342084354162218,,0.4443747401237488,0.2,0.0003,,7.163604259490967,,-0.0061894362326711415,10.634195800000002,516.9,0.2
3213,47,74,151552,,,,,,463.49,,,,34.691547050000004,,0.6,,,,
3229,47,75,153600,740,-1.4336366817355155,0.01103515625,0.0038348543,23.473626685142516,468.07,0.4197116494178772,0.2,0.0003,33.103334710000006,8.603741645812988,0.57,-0.004552851506741717,,,
3245,47,76,155648,750,-1.4403711572289466,0.0365234375,0.0061331987,9.161721363663673,471.05,0.45120733976364136,0.2,0.0003,33.09998723,3.391523838043213,0.57,-0.00432254071929492,,,
3261,48,77,157696,760,-1.4135130017995834,0.0392578125,0.0055969157,11.853953355550766,472.2,0.6168522238731384,0.2,0.0003,33.0694288,8.10493278503418,0.57,-0.006156713847303763,,,
3276,48,78,159744,770,-1.4332196354866027,0.06884765625,0.010275819,15.027978080511094,463.38,0.500632643699646,0.2,0.0003,34.11333362,7.502647876739502,0.59,-0.009470924502238631,,,
,,,160000,780,-1.3938915938138963,0.068994140625,0.00864943,21.042789030075074,,0.4254652261734009,0.2,0.0003,,10.628159523010254,,-0.009480811303365044,10.931842600000001,552.5,0.2
3217,50,79,161792,,,,,,461.45,,,,34.13449846,,0.59,,,,
3230,50,80,163840,790,-1.4710274279117583,0.050390625,0.006286325,15.697390067577363,462.51,0.44267696142196655,0.2,0.0003,33.52926242,8.717012405395508,0.58,-0.008346281328704208,,,
3245,51,81,165888,800,-1.4370157152414322,0.082958984375,0.007409033,15.756602996587754,459.44,0.44389039278030396,0.2,0.0003,34.6197705,5.736498832702637,0.6,-0.00810941270319745,,,
3260,51,82,167936,810,-1.4428659960627557,0.039599609375,0.0073544784,25.707682013511658,456.06,0.3986632227897644,0.2,0.0003,35.682098229999994,16.757497787475586,0.62,-0.006636206404073164,,,
3274,51,83,169984,820,-1.4126658573746682,0.04453125,0.007899879,24.445388281345366,458.8,0.39857637882232666,0.2,0.0003,34.5871992,8.051735877990723,0.6,-0.008410710300086065,,,
,,,170000,830,-1.3851082280278206,0.062255859375,0.008878697,4.927305249869823,,0.80901038646698,0.2,0.0003,,3.4770147800445557,,-0.006136996456189081,34.442653500000006,428.4,0.6
3233,53,84,172032,,,,,,463.4,,,,34.048875620000004,,0.59,,,,
3247,53,85,174080,840,-1.4008886501193047,0.108642578125,0.012038625,7.033392274379731,467.24,0.6223046779632568,0.2,0.0003,33.06315038,4.010189056396484,0.57,-0.011898316637962125,,,
3262,53,86,176128,850,-1.3554472893476486,0.067626953125,0.0098923845,7.571383076906204,466.32,0.5401854515075684,0.2,0.0003,33.56993849,1.6038004159927368,0.58,-0.009570194914704188,,,
3275,54,87,178176,860,-1.335308563709259,0.058251953125,0.006612337,15.748322278261185,464.78,0.4781445860862732,0.2,0.0003,33.56435203,7.708530426025391,0.58,-0.008472635963698849,,,
,,,180000,870,-1.3806382566690445,0.04111328125,0.0067901975,16.07837563753128,,0.42156410217285156,0.2,0.0003,,8.180177688598633,,-0.005487023931345902,28.6159525,498.9,0.5
3229,55,88,180224,,,,,,463.8,,,,34.11402122,,0.59,,,,
3241,56,89,182272,880,-1.3867071002721787,0.033935546875,0.0060978504,14.665121644735336,458.86,0.6247416734695435,0.2,0.0003,35.152230460000006,6.347766399383545,0.61,-0.005305725810467265,,,
3254,56,90,184320,890,-1.315419191122055,0.021923828125,0.004696032,17.645142012834548,462.31,0.47448164224624634,0.2,0.0003,34.62912465,9.940393447875977,0.6,-0.003700584571924992,,,
3267,57,91,186368,900,-1.3617528527975082,0.0591796875,0.0070930426,18.62288624048233,462.35,0.5343571901321411,0.2,0.0003,34.58777796,8.538387298583984,0.6,-0.008841290825512261,,,
3279,57,92,188416,910,-1.356877714395523,0.053515625,0.008204471,14.315802949666978,454.92,0.6182523965835571,0.2,0.0003,35.11111159,7.359086036682129,0.61,-0.007563551364000887,,,
,,,190000,920,-1.3657613679766656,0.06748046875,0.0073427623,20.73137788772583,,0.5379112958908081,0.2,0.0003,,10.650588989257812,,-0.007398515322711319,24.6729334,461.6,0.4
3240,58,93,190464,,,,,,446.29,,,,36.240463580000004,,0.63,,,,
3252,59,94,192512,930,-1.3080471590161324,0.045263671875,0.007915296,12.263536739349366,446.25,0.6525508761405945,0.2,0.0003,36.271498189999996,5.3607635498046875,0.63,-0.007153813005425036,,,
3265,59,95,194560,940,-1.303061656653881,0.05634765625,0.007949164,11.914447218179703,443.07,0.7704004049301147,0.2,0.0003,36.32337029999999,9.21774959564209,0.63,-0.005390299565624446,,,
3278,59,96,196608,950,-1.3182482317090034,0.058935546875,0.008008776,19.59972788095474,431.6,0.62385094165802,0.2,0.0003,37.453080809999996,9.161275863647461,0.65,-0.008448220562422648,,,
3290,60,97,198656,960,-1.3384380146861077,0.02236328125,0.005839984,19.888819789886476,423.75,0.6410660147666931,0.2,0.0003,39.131429749999995,7.197307586669922,0.68,-0.00485080452344846,,,
,,,200000,970,-1.3304109692573547,0.02705078125,0.004904926,23.183695662021638,,0.6004190444946289,0.2,0.0003,,10.847297668457031,,-0.005764761765021831,29.7240019,444.5,0.5
3252,61,98,200704,,,,,,414.22,,,,40.217511879999996,,0.7,,,,
